sector,stage,country,funding,team_size,team_experience,market_size_bn,burn_rate,revenue_growth,customer_count,nps_score,patent_count,competition_level,business_model_score,months_since_founding,runway_months,success
CleanTech,Seed,France,1516462,23,9,321.33,419462,0.574,35191,31,29,8,9,15,28,1
EdTech,Seed,USA,1637317,149,9,138.41,34996,3.924,6728,35,22,3,5,50,28,1
Cybersecurity,Series A,USA,10358862,83,8,109.12,323456,2.922,33744,42,17,5,6,36,29,1
E-Commerce,Pre-Seed,Singapore,367188,130,9,127.46,668425,0.322,22881,47,26,5,3,32,20,0
CleanTech,Seed,Canada,2666354,31,4,245.58,282611,4.723,12801,-1,1,2,5,21,11,1
BioTech,Series A,India,3299189,127,6,483.07,251452,0.206,10548,33,18,9,5,66,23,0
HealthTech,Seed,Brazil,2814546,98,5,416.2,686367,3.052,32886,-20,23,4,2,68,20,1
CleanTech,Seed,Australia,2059049,25,5,142.66,733439,2.004,34310,69,9,9,6,119,20,0
Cybersecurity,Series B,Canada,47707979,15,4,182.0,300846,2.694,19427,77,24,9,9,59,11,1
E-Commerce,Series A,Germany,9136821,37,2,232.52,628657,0.909,972,-11,28,2,7,46,2,0
EdTech,Pre-Seed,Israel,207699,25,12,489.48,609857,3.378,33683,2,29,9,8,14,13,1
Cybersecurity,Seed,France,2874494,96,6,86.61,326096,4.791,6621,30,2,9,2,42,13,0
Cybersecurity,Seed,Brazil,1355953,56,9,179.06,568457,2.184,26013,3,24,2,9,110,15,1
HealthTech,Seed,Canada,1004655,25,12,364.85,26829,2.519,49738,-8,27,6,3,26,31,1
AI/ML,Seed,Canada,736824,27,1,481.99,14522,1.047,14530,8,11,9,5,13,23,0
E-Commerce,Seed,France,1567979,81,14,78.26,438535,4.438,7354,37,25,4,7,68,22,1
FinTech,Seed,Singapore,853699,66,7,114.08,392478,4.85,46529,70,15,2,4,3,16,0
Cybersecurity,Seed,India,2188124,76,6,113.23,128576,3.889,37359,74,11,7,7,60,29,0
AI/ML,Series A,India,7166289,44,3,10.96,506336,2.622,23223,22,7,9,8,30,20,0
FinTech,Series A,Canada,14115434,30,1,302.26,171545,4.775,41232,-11,4,6,4,70,28,0
E-Commerce,Pre-Seed,UK,283378,82,13,335.52,78165,0.6,12550,10,10,4,5,107,27,1
SaaS,Seed,Canada,2995997,55,4,301.46,443671,2.288,22660,53,9,1,3,96,29,1
BioTech,Pre-Seed,Canada,143246,40,14,36.13,609980,2.596,31029,67,2,4,5,61,5,0
AI/ML,Seed,France,1644440,43,9,35.08,551729,2.358,30268,76,26,3,8,73,2,1
Gaming,Series A,Israel,11597494,30,2,105.59,40716,3.973,47119,-7,22,7,3,24,20,1
SaaS,Pre-Seed,France,320561,132,3,145.5,596463,3.286,26340,78,8,5,5,92,13,0
BioTech,Seed,Brazil,1929608,139,2,393.38,16834,0.459,4290,13,11,3,1,31,26,0
HealthTech,Pre-Seed,Canada,215837,143,14,80.12,526853,1.602,30138,-4,5,2,2,91,35,1
CleanTech,Pre-Seed,India,386643,43,2,22.52,271609,1.563,6446,0,18,2,3,76,8,0
EdTech,Seed,Australia,2784798,95,10,197.3,28179,2.741,13432,75,15,5,1,86,28,0
Gaming,Seed,India,1520332,33,11,208.49,298363,1.316,1522,46,20,8,9,80,15,1
HealthTech,Series C,USA,157301231,27,11,225.73,113153,0.41,33329,37,22,8,9,99,8,1
E-Commerce,Seed,Singapore,1946743,116,8,413.54,681142,3.199,3540,58,23,5,5,71,11,1
HealthTech,Seed,Germany,1786050,130,3,49.45,484579,4.225,12328,-13,28,2,4,47,29,1
CleanTech,Seed,Brazil,790477,57,7,352.12,788263,4.644,34247,75,13,4,5,72,5,1
E-Commerce,Pre-Seed,Brazil,333817,123,8,169.3,609255,4.857,6677,17,27,7,4,88,7,0
Gaming,Series C,Singapore,164859942,107,3,155.34,543784,3.862,41616,5,3,6,5,19,18,1
CleanTech,Seed,Australia,753017,131,2,466.31,754227,0.526,49741,43,17,7,7,81,28,0
FinTech,Series A,Germany,3651824,82,13,124.61,704598,4.236,25947,9,9,5,8,41,12,1
EdTech,Pre-Seed,Israel,383245,121,13,321.44,56025,1.88,45534,-12,17,2,2,42,12,0
Gaming,Seed,Canada,2172341,53,8,137.93,270281,3.596,13520,11,11,8,4,30,29,0
FinTech,Seed,Germany,1936803,92,3,253.82,332030,2.563,44711,-10,18,2,8,119,11,0
BioTech,Series A,Australia,11069552,138,7,393.25,426779,4.109,22805,65,7,8,7,4,6,1
Gaming,Pre-Seed,UK,424842,23,12,440.92,366211,2.013,30444,13,0,7,9,84,21,1
BioTech,Seed,USA,2970856,35,1,419.43,317633,0.121,20143,-3,13,3,5,29,10,0
E-Commerce,Series C,Germany,147911619,111,14,291.3,42664,2.695,10292,-2,22,4,6,23,32,1
FinTech,Seed,Germany,2877942,50,12,124.78,776159,0.691,42844,33,5,7,8,89,33,0
EdTech,Seed,USA,2720929,130,6,330.79,153492,4.821,16017,61,13,4,5,9,17,1
CleanTech,Pre-Seed,Canada,127360,74,12,355.1,474133,2.54,25323,16,1,9,9,63,3,1
Cybersecurity,Series C,Germany,68125271,85,12,5.84,235648,2.679,41423,61,8,7,4,54,18,1
HealthTech,Pre-Seed,USA,381495,54,13,219.89,652150,4.518,41713,-9,28,1,8,50,10,1
SaaS,Series A,USA,8095670,101,9,421.71,501127,3.048,22320,-17,11,1,3,21,8,1
EdTech,Series A,USA,5230653,125,12,245.05,613318,1.374,8774,22,4,4,5,75,34,1
FinTech,Pre-Seed,France,354094,46,3,156.03,73910,1.34,2205,6,1,9,8,14,33,0
Cybersecurity,Series A,Australia,3584942,138,14,435.96,762648,2.408,12342,30,18,4,7,112,10,1
EdTech,Pre-Seed,France,419566,106,7,78.36,756253,4.306,4027,-16,6,5,1,96,18,0
FinTech,Pre-Seed,UK,422078,147,13,103.62,328063,3.933,16327,-15,6,1,4,73,25,1
AI/ML,Series A,Israel,13605735,107,6,343.84,746648,4.806,21200,56,9,2,2,4,2,1
AI/ML,Series B,France,23355425,44,8,176.54,506142,0.174,7188,66,16,4,2,19,19,0
BioTech,Seed,France,2175190,135,3,356.65,407348,1.195,2808,35,25,4,7,77,10,1
EdTech,Seed,Australia,848848,49,3,79.27,399297,0.217,13851,68,13,6,3,116,3,0
AI/ML,Pre-Seed,Israel,474315,127,4,126.51,51598,3.706,15354,47,26,6,3,78,19,0
FinTech,Pre-Seed,Singapore,482601,8,3,78.75,497028,0.532,15058,75,10,8,6,5,26,0
BioTech,Pre-Seed,USA,216991,17,9,476.48,508515,0.319,14620,23,27,9,6,23,25,0
FinTech,Pre-Seed,Brazil,146952,130,11,203.0,347044,2.721,31230,-6,19,1,1,80,17,0
BioTech,Seed,Israel,2930412,116,4,168.94,36296,1.94,36681,69,5,1,1,81,10,0
EdTech,Seed,UK,965806,38,6,7.59,159138,3.519,17803,21,7,6,6,53,11,0
Cybersecurity,Seed,Canada,1376058,126,8,77.13,169964,2.332,2167,-10,18,4,7,108,11,1
CleanTech,Pre-Seed,UK,483603,82,11,210.86,609865,2.012,2144,52,29,4,9,107,12,1
Gaming,Seed,USA,2219759,63,13,34.72,739950,2.013,2167,-10,18,1,4,12,8,1
Cybersecurity,Series A,Israel,13531775,73,8,255.61,611461,4.334,42520,45,23,9,6,118,24,1
E-Commerce,Pre-Seed,UK,152877,126,5,227.78,479509,1.855,42136,6,23,3,3,57,14,0
FinTech,Series B,UK,43834717,67,5,383.7,74771,1.534,25844,37,23,5,4,38,23,1
E-Commerce,Series B,Singapore,44754050,31,6,330.07,510010,1.56,28163,69,16,1,9,53,17,1
Cybersecurity,Pre-Seed,Singapore,147493,21,10,223.25,109074,0.822,22920,51,23,8,1,76,5,0
BioTech,Series A,Israel,9962544,83,7,112.72,533136,4.276,17550,0,23,3,5,19,3,1
Gaming,Seed,USA,1424501,108,13,363.57,430331,0.562,36343,0,17,1,7,110,9,1
Gaming,Seed,France,2045329,133,13,354.08,691398,4.525,18254,51,11,6,3,91,20,1
SaaS,Seed,India,891670,38,10,77.07,570910,1.274,49311,-20,8,1,2,63,20,0
Gaming,Seed,Germany,931739,133,14,457.42,308030,4.477,40011,37,22,3,2,93,19,1
CleanTech,Seed,Brazil,2194512,78,7,32.67,150973,3.912,20147,-8,23,5,1,99,21,0
Gaming,Seed,Germany,1111796,90,13,27.99,92910,2.826,12926,52,15,4,5,77,16,1
Cybersecurity,Seed,Australia,1239127,147,4,94.08,190934,3.281,33823,71,17,7,3,15,33,0
SaaS,Series A,Singapore,4350339,89,6,454.78,391136,1.494,49485,-15,15,6,7,67,5,1
Cybersecurity,Seed,Israel,540633,34,7,260.24,523271,2.786,23991,66,15,3,1,97,24,0
Cybersecurity,Series A,Germany,12645910,59,5,394.08,515042,1.32,41851,79,3,8,9,99,15,1
HealthTech,Pre-Seed,USA,53317,29,5,114.31,173878,1.892,27563,37,22,8,2,87,26,0
SaaS,Pre-Seed,Brazil,357124,36,2,245.37,683019,3.776,30688,-4,21,2,8,82,25,0
Cybersecurity,Series A,Germany,13266774,126,7,179.47,164525,1.068,29023,52,6,7,4,105,28,0
HealthTech,Seed,Brazil,1211323,139,12,414.0,473609,4.162,34130,-9,0,1,6,89,33,1
HealthTech,Pre-Seed,Canada,490847,66,6,11.79,797868,1.755,925,65,23,2,9,76,18,0
SaaS,Pre-Seed,USA,230388,43,11,122.3,462029,2.567,16321,31,28,8,7,50,18,1
E-Commerce,Pre-Seed,India,417508,86,1,76.71,651075,4.698,10769,55,22,1,8,99,33,1
BioTech,Series C,UK,61811984,138,4,429.66,624773,3.343,36748,49,28,2,7,88,27,1
CleanTech,Seed,Brazil,2372204,112,3,234.04,711346,3.157,40028,52,19,1,2,107,15,0
BioTech,Series B,USA,49480541,16,12,202.41,374699,3.5,16151,31,0,5,9,72,13,1
Gaming,Seed,Brazil,1760945,70,3,225.02,718537,4.574,10597,16,7,7,1,49,34,1
CleanTech,Seed,Brazil,1208669,106,7,485.98,412521,1.092,34187,-18,25,6,2,102,4,1
Gaming,Seed,France,2624195,65,11,425.21,42646,2.989,43835,77,22,6,3,113,35,1
Cybersecurity,Seed,France,533635,42,12,353.33,86126,1.882,59,-13,7,6,3,12,19,0
FinTech,Pre-Seed,USA,260387,72,10,145.59,524116,-0.138,35292,-11,9,8,4,59,31,0
SaaS,Series B,France,34374098,57,4,83.0,652210,0.452,20181,26,0,5,5,82,25,0
CleanTech,Series A,Australia,12395499,26,12,460.76,265217,1.49,27235,20,20,7,6,15,12,1
CleanTech,Seed,India,1227467,106,8,211.83,394382,2.738,28672,43,24,3,1,117,12,0
Cybersecurity,Series C,Israel,104981748,135,11,139.74,602947,4.384,1578,21,20,9,8,63,25,1
E-Commerce,Series A,USA,5998851,120,9,235.72,649629,3.914,45366,22,28,3,6,60,33,1
HealthTech,Series A,USA,6661306,10,3,458.96,538446,2.677,47295,-12,13,6,9,86,28,1
Cybersecurity,Pre-Seed,Australia,89236,61,5,193.84,84236,0.184,16047,-7,13,3,5,70,9,0
AI/ML,Seed,Singapore,1814870,126,4,281.54,86067,1.287,32160,70,9,1,7,86,14,1
HealthTech,Seed,Singapore,1054280,50,14,401.58,693098,1.707,33475,75,27,1,4,88,3,1
SaaS,Pre-Seed,France,422684,52,12,213.85,19879,3.033,24549,-17,18,3,6,31,5,1
HealthTech,Pre-Seed,Israel,165140,71,10,117.15,146615,0.138,5277,-19,24,4,6,18,26,1
E-Commerce,Series A,France,7370297,38,6,497.27,646572,2.557,1780,76,28,2,4,109,18,1
HealthTech,Pre-Seed,Canada,171225,32,11,478.31,188996,4.488,46579,64,15,9,6,65,21,1
SaaS,Seed,Canada,1884410,63,10,421.82,445564,3.468,45913,-20,8,8,8,49,16,1
E-Commerce,Series B,UK,25695807,94,4,344.34,356261,3.945,14662,54,19,3,5,45,23,1
BioTech,Series B,Canada,29174898,15,8,147.79,220190,3.345,31516,44,15,7,2,25,29,1
CleanTech,Pre-Seed,Singapore,336100,80,3,456.75,578176,0.874,32161,25,19,4,9,32,10,1
CleanTech,Series B,India,27646791,9,11,138.14,539087,0.375,44499,38,26,5,4,59,5,1
Gaming,Pre-Seed,Canada,108560,37,5,400.5,493843,4.113,31886,54,7,4,4,32,11,0
BioTech,Pre-Seed,France,422454,49,13,459.17,759130,3.417,8800,-14,6,9,7,109,29,1
BioTech,Seed,Brazil,1224045,86,1,301.7,384673,2.79,49460,45,10,7,6,69,27,1
HealthTech,Seed,USA,1545533,29,13,401.63,523264,0.784,5439,-6,20,4,4,58,34,1
CleanTech,Seed,India,1785844,52,6,395.95,100141,2.937,4307,51,5,8,6,26,14,1
SaaS,Seed,India,979280,105,11,96.98,387157,-0.037,2364,26,14,2,3,115,10,0
EdTech,Pre-Seed,France,313312,102,5,334.13,303812,0.418,16568,69,18,7,7,103,11,0
EdTech,Pre-Seed,USA,357268,30,8,47.19,145183,1.422,38092,19,13,1,6,79,11,0
E-Commerce,Seed,Singapore,1863517,128,9,254.17,427902,2.107,5483,21,14,8,3,108,35,0
CleanTech,Series A,India,4485619,83,8,81.54,213623,0.427,245,30,5,6,1,98,19,0
CleanTech,Seed,UK,2338524,11,8,208.47,26490,0.424,8430,14,28,5,5,103,24,0
EdTech,Pre-Seed,France,200823,107,12,416.57,438410,3.575,8183,20,23,9,2,78,1,0
CleanTech,Seed,India,622026,2,14,493.59,784426,2.763,38692,64,9,9,7,10,12,1
HealthTech,Pre-Seed,Israel,80270,40,13,159.32,456732,2.575,30086,36,13,3,7,90,14,1
AI/ML,Pre-Seed,USA,453602,22,3,266.21,651507,2.153,49671,17,15,9,4,46,3,0
FinTech,Series A,Canada,12670115,66,4,255.89,491946,4.878,32726,51,12,9,6,82,32,1
BioTech,Pre-Seed,India,245889,16,11,477.22,578392,0.059,13901,75,10,2,1,98,16,0
Gaming,Pre-Seed,France,115184,133,4,239.55,539604,0.739,3907,-13,24,5,2,36,10,0
E-Commerce,Series A,Canada,13993292,62,14,349.7,48130,3.167,33044,53,2,2,6,37,17,1
AI/ML,Seed,UK,1235053,149,11,460.93,473445,0.509,28604,42,7,1,2,98,4,1
EdTech,Seed,Canada,1062167,139,5,187.0,379438,2.865,37869,66,27,7,4,52,15,0
BioTech,Pre-Seed,Israel,361741,88,13,451.11,385581,2.752,14537,-17,2,4,4,19,33,1
CleanTech,Pre-Seed,Singapore,482348,106,9,458.77,155250,4.849,12501,27,1,5,9,4,10,1
Gaming,Pre-Seed,India,53626,35,12,465.37,192235,4.394,37371,31,20,4,7,92,7,1
CleanTech,Pre-Seed,Germany,135936,125,9,135.59,597453,4.717,49103,17,13,6,7,56,33,1
SaaS,Series A,Germany,12932579,111,10,200.48,414696,0.391,46154,73,19,2,1,46,17,0
SaaS,Series A,Canada,4807737,34,13,435.26,730799,4.314,36821,66,28,8,5,83,12,1
Gaming,Series A,Australia,6751531,99,12,179.9,447090,0.471,23196,-16,20,4,3,104,17,0
Gaming,Series A,USA,13693897,62,14,300.33,769893,3.091,6073,64,21,8,3,51,16,1
EdTech,Seed,Germany,2127008,11,1,59.47,601063,3.544,49293,49,14,3,6,4,14,1
Gaming,Series A,Australia,3144454,85,14,28.61,409782,0.636,10561,60,2,5,4,74,3,0
HealthTech,Seed,Germany,936442,66,14,206.29,357455,3.09,18101,68,0,3,8,112,30,1
CleanTech,Seed,Australia,754043,78,8,289.67,505733,0.073,45516,3,14,7,4,72,35,1
AI/ML,Seed,USA,1143198,2,14,196.65,587437,1.325,31426,65,19,3,8,11,26,1
Cybersecurity,Pre-Seed,Brazil,146055,134,1,289.08,344705,4.59,29341,56,21,8,4,3,12,0
Gaming,Seed,Germany,1936909,81,2,257.78,422639,0.693,7313,-4,1,9,3,71,31,0
E-Commerce,Series C,Israel,88478806,16,7,343.01,624998,0.139,30773,57,17,2,5,105,17,0
SaaS,Pre-Seed,India,446659,29,8,324.94,102199,2.107,28003,77,0,3,5,11,8,0
HealthTech,Pre-Seed,Australia,333539,24,1,212.41,175024,4.223,26420,69,8,7,1,16,19,0
BioTech,Seed,India,2345733,110,3,212.79,561614,0.199,5714,62,2,5,8,29,26,0
Cybersecurity,Series A,France,8800629,108,7,70.82,41139,1.649,49551,5,1,7,8,11,4,0
AI/ML,Seed,France,610084,146,13,256.86,727463,4.479,27139,-18,3,2,8,38,15,1
Cybersecurity,Series A,USA,12402999,114,9,293.8,515950,0.414,26098,-19,15,4,4,95,14,1
Gaming,Pre-Seed,Australia,395876,99,8,238.51,201929,1.415,42294,71,21,1,9,86,30,1
EdTech,Seed,UK,973006,142,8,163.19,345782,3.848,13582,-19,0,5,3,81,24,1
SaaS,Seed,France,1890277,143,9,360.96,344796,2.625,43583,1,8,8,7,102,34,1
SaaS,Series A,USA,10149148,140,10,37.79,547225,4.128,13760,50,24,1,6,5,19,1
BioTech,Seed,France,2232626,29,3,457.26,268006,0.38,6255,-17,7,7,9,119,3,1
EdTech,Pre-Seed,France,313551,43,8,10.81,519603,4.587,16622,17,5,7,4,25,4,0
CleanTech,Pre-Seed,UK,123568,100,1,481.19,342187,4.662,35983,63,19,7,4,112,11,1
FinTech,Pre-Seed,Germany,108560,62,8,231.45,680095,0.608,40309,49,17,1,6,75,13,0
HealthTech,Seed,Canada,1697442,124,13,206.63,69919,-0.024,29715,52,15,3,8,32,18,1
SaaS,Pre-Seed,Brazil,200953,65,7,128.59,354199,4.947,36415,31,7,2,3,21,19,0
E-Commerce,Seed,France,2290228,32,13,5.53,470777,2.308,21792,10,22,5,8,104,33,1
SaaS,Seed,France,2823176,82,8,137.76,440838,2.775,42576,5,27,2,8,69,3,1
Cybersecurity,Pre-Seed,Israel,230775,11,1,55.15,310279,3.003,22724,15,29,5,7,52,35,1
SaaS,Pre-Seed,Brazil,487570,9,6,330.08,701018,3.906,3652,5,3,5,7,50,1,1
SaaS,Pre-Seed,UK,141288,60,7,159.88,301840,4.022,26297,7,2,4,5,5,35,0
FinTech,Series B,India,23860286,31,14,383.71,144845,0.808,32422,-16,14,7,2,100,25,1
FinTech,Pre-Seed,Australia,431164,146,11,103.85,34956,1.031,14028,53,5,6,2,68,13,0
AI/ML,Series A,France,14371493,21,5,450.17,273672,4.36,13803,-3,0,2,8,29,4,1
CleanTech,Series A,Canada,9017004,49,14,261.73,399925,4.061,6307,-6,17,4,6,89,6,1
E-Commerce,Seed,Australia,514390,131,5,57.7,96491,3.012,31325,36,22,7,8,108,11,0
SaaS,Series B,Brazil,31995763,38,7,200.72,54588,4.972,31574,76,10,9,3,98,1,0
SaaS,Seed,Australia,1051595,130,11,103.78,211657,3.623,19262,-16,2,9,1,113,8,0
HealthTech,Series C,Germany,155085036,133,3,100.24,109152,0.922,1535,16,29,3,6,101,34,0
FinTech,Pre-Seed,France,275121,101,6,253.43,662160,4.203,14932,65,12,1,2,42,9,1
E-Commerce,Pre-Seed,Australia,301063,55,7,336.11,423727,1.957,15749,65,16,9,9,20,21,1
BioTech,Series A,India,10364534,123,1,455.85,348037,-0.012,8727,1,17,8,5,29,20,0
AI/ML,Series B,India,45955478,26,12,251.33,26167,1.471,17332,31,25,7,5,13,1,1
CleanTech,Series A,France,12811141,132,2,482.94,721863,3.77,29534,-6,25,6,8,41,35,1
EdTech,Pre-Seed,Singapore,219330,10,12,470.85,120782,4.793,10834,-4,13,7,6,21,28,1
CleanTech,Pre-Seed,India,238788,35,4,432.6,491005,1.236,20325,30,24,9,3,91,7,0
Cybersecurity,Series B,Australia,29783984,44,13,250.24,140775,1.082,9213,24,6,6,9,9,9,1
SaaS,Pre-Seed,USA,262566,75,8,70.88,44889,2.731,48205,42,6,3,4,97,1,0
AI/ML,Series A,India,8212360,95,11,109.34,317822,4.021,1403,7,13,3,4,59,34,1
Cybersecurity,Series A,Brazil,12782096,23,13,324.01,236406,3.682,7506,38,25,4,2,4,34,1
E-Commerce,Seed,Singapore,1428252,71,14,211.17,594550,2.712,29659,65,23,8,3,40,17,0
EdTech,Seed,Australia,1087073,131,10,73.83,145753,3.083,7591,0,14,9,4,7,32,0
FinTech,Seed,UK,1100338,95,6,239.76,614579,1.059,12996,21,11,8,7,80,2,1
AI/ML,Pre-Seed,Israel,72738,33,1,9.21,600296,2.049,37828,60,11,2,3,84,25,0
AI/ML,Series B,UK,48628663,107,10,367.08,781835,1.128,47830,48,7,4,8,38,26,1
SaaS,Seed,Germany,2670758,145,5,37.25,239489,4.399,34370,61,15,4,8,70,26,1
Gaming,Series B,Israel,47992373,2,7,314.74,416906,0.385,13472,-4,8,2,2,90,21,0
AI/ML,Pre-Seed,Germany,353806,73,13,396.61,278617,3.335,29098,47,1,8,4,79,18,1
HealthTech,Series C,Israel,149842089,51,6,66.76,706658,1.153,2196,-14,13,3,8,87,29,0
EdTech,Seed,Israel,2350131,142,13,259.56,421885,2.273,11091,68,23,2,1,59,24,1
EdTech,Pre-Seed,USA,206688,16,13,389.64,635244,1.357,15040,19,23,7,1,99,28,0
HealthTech,Pre-Seed,Canada,323326,54,12,130.69,204499,1.481,49262,19,28,1,4,22,12,0
BioTech,Series A,Brazil,6113534,9,9,81.88,533764,1.154,48784,22,15,6,2,7,11,0
HealthTech,Series A,UK,6600957,75,8,168.74,203073,3.715,6023,52,4,3,1,26,27,1
HealthTech,Series A,India,9453859,47,4,277.57,727084,1.702,20543,62,4,3,8,101,23,1
EdTech,Pre-Seed,Australia,227170,70,13,287.85,391150,3.577,28377,30,19,5,2,32,33,1
CleanTech,Pre-Seed,Singapore,76128,115,11,65.87,282976,2.172,36635,52,29,3,4,30,16,0
EdTech,Seed,Brazil,1580132,148,12,229.06,499114,2.646,42337,2,20,4,3,55,28,1
Gaming,Seed,Germany,1807046,124,5,134.51,155780,2.625,40409,74,17,3,2,53,28,1
SaaS,Seed,USA,2225812,140,7,421.09,461816,4.874,5004,11,17,7,8,111,6,1
Cybersecurity,Series C,Germany,128783221,118,8,157.13,354891,1.709,9963,10,4,3,3,9,29,1
CleanTech,Series C,Canada,193123536,44,5,419.43,725422,0.88,13796,-4,10,4,9,44,34,1
FinTech,Series B,Singapore,47708134,21,9,214.57,337572,4.541,40972,37,12,2,5,37,3,1
Cybersecurity,Series A,USA,8124524,149,14,363.43,21002,0.709,7077,65,2,2,9,96,6,1
SaaS,Seed,Germany,683683,22,10,255.28,42556,4.139,29848,14,16,9,3,36,13,0
Gaming,Seed,Canada,1863864,83,12,311.17,602251,0.581,12526,9,24,1,5,105,15,1
Gaming,Seed,Australia,1032125,58,4,197.98,504361,3.225,3261,43,17,1,6,75,6,0
FinTech,Series A,Australia,12617611,75,4,384.22,231746,0.583,17046,32,13,1,9,119,33,1
CleanTech,Pre-Seed,Germany,228371,99,13,212.88,16563,4.6,13397,30,11,3,8,78,12,1
BioTech,Seed,Brazil,2460220,111,8,229.0,220995,2.738,25269,16,13,2,2,56,13,0
HealthTech,Pre-Seed,Singapore,428824,116,1,259.08,549442,1.512,36158,69,25,3,2,31,33,0
CleanTech,Seed,France,1272291,43,8,416.0,558482,0.53,25757,-15,17,5,5,12,28,1
BioTech,Series B,Brazil,47083981,69,5,329.86,730380,1.73,15299,13,29,9,5,29,5,1
Gaming,Series A,Australia,13536772,71,13,174.91,712221,3.466,1902,35,19,2,5,85,25,1
EdTech,Pre-Seed,Singapore,180193,79,14,335.32,163520,1.802,49480,75,1,1,4,15,17,1
SaaS,Series C,Canada,170514473,91,11,321.39,499676,1.08,42399,4,6,6,8,44,19,1
FinTech,Series A,USA,11606776,112,1,465.54,432618,2.803,48330,-8,14,3,5,39,35,1
SaaS,Pre-Seed,Israel,198178,113,4,420.79,276496,1.973,46308,42,27,7,1,63,34,0
E-Commerce,Pre-Seed,Germany,108123,104,2,323.9,272328,0.662,3846,45,9,6,5,98,6,0
E-Commerce,Pre-Seed,UK,161825,146,4,171.08,286463,0.601,12359,-16,14,7,1,81,19,0
CleanTech,Pre-Seed,Singapore,58720,20,8,389.9,130497,3.479,49376,54,16,5,4,23,1,1
Gaming,Series C,India,145142231,71,5,287.82,161521,4.868,2520,-10,10,1,1,5,7,1
Gaming,Seed,Canada,2822018,64,1,492.64,328477,1.012,40832,67,1,3,6,10,34,1
HealthTech,Series B,France,36910144,76,7,124.13,544714,3.82,20098,57,26,3,6,72,19,1
HealthTech,Seed,Israel,1699438,105,1,40.29,459794,0.256,39451,73,20,7,1,95,33,0
HealthTech,Pre-Seed,India,108655,76,9,35.41,723569,1.784,49962,23,17,3,8,85,26,1
EdTech,Seed,France,1215003,129,3,320.2,126775,2.435,23136,78,24,5,4,19,27,0
Cybersecurity,Pre-Seed,UK,143448,57,12,469.66,43368,1.197,35885,64,3,4,2,12,26,1
AI/ML,Seed,Australia,2775598,23,3,1.46,776913,2.554,30720,48,8,4,1,99,35,0
Cybersecurity,Series B,Brazil,19892571,90,6,363.02,113841,4.39,21157,-19,26,7,3,15,20,1
SaaS,Seed,Germany,796956,20,10,328.7,500846,4.711,48372,19,27,1,7,93,24,1
Cybersecurity,Seed,USA,1336002,27,6,366.29,388888,0.323,19674,16,16,7,8,108,21,1
EdTech,Pre-Seed,France,363045,24,13,178.03,221293,1.214,32357,28,16,8,5,14,26,0
SaaS,Pre-Seed,Israel,110186,48,11,410.34,790371,4.891,12578,77,16,3,7,68,20,1
Cybersecurity,Pre-Seed,Singapore,172066,14,11,22.83,18724,1.206,2251,54,29,3,2,76,6,0
EdTech,Seed,Australia,890508,67,6,377.84,408300,3.402,13513,15,15,4,4,87,3,0
AI/ML,Pre-Seed,Singapore,231323,145,13,133.9,700170,1.118,37429,54,19,6,6,25,10,0
Cybersecurity,Seed,Israel,2269107,74,1,238.68,88872,1.653,27105,52,24,7,5,67,12,0
EdTech,Seed,Singapore,536160,78,5,411.41,604621,0.795,46871,49,7,1,6,99,33,0
HealthTech,Seed,France,519156,32,12,136.04,734203,4.253,20990,13,22,4,2,54,22,0
Gaming,Pre-Seed,Canada,126208,86,6,93.01,515241,4.39,25499,37,14,7,7,63,16,1
HealthTech,Pre-Seed,Singapore,199001,60,8,340.82,239176,1.344,6421,16,0,2,8,28,17,0
Gaming,Series B,Brazil,27540282,42,13,266.93,536884,4.083,24591,75,18,1,9,17,10,1
FinTech,Series A,UK,8474106,113,1,257.44,97844,1.663,26979,39,24,1,6,24,12,0
FinTech,Seed,USA,2314630,97,5,128.76,782427,0.315,20835,-9,14,6,7,91,19,0
FinTech,Pre-Seed,France,245413,123,3,17.92,99751,3.742,37693,11,8,5,1,67,23,0
AI/ML,Series C,India,84436241,106,2,205.43,139817,2.902,12202,60,4,1,9,28,10,1
HealthTech,Series A,Israel,7499311,75,11,53.73,480547,1.227,35414,-17,15,3,6,23,10,1
Gaming,Seed,Australia,1237197,133,8,453.04,614808,1.116,25666,12,27,7,4,107,10,0
EdTech,Series B,France,21356895,100,7,21.1,68326,4.873,19290,22,12,9,9,26,30,1
SaaS,Pre-Seed,Canada,188266,127,10,216.11,611958,4.285,18130,-12,15,9,1,105,4,1
EdTech,Seed,Australia,1145649,139,7,26.6,533292,4.011,37077,77,21,6,2,18,1,0
SaaS,Seed,Brazil,712986,76,5,48.22,676142,0.466,49600,30,10,3,3,34,19,0
E-Commerce,Pre-Seed,Israel,247286,15,12,329.6,183074,3.727,19396,73,12,1,1,18,5,1
EdTech,Series C,Australia,78804060,39,13,323.73,752547,0.916,17952,-1,5,3,2,79,30,1
Cybersecurity,Series A,Singapore,11418385,141,9,17.01,34022,4.882,27122,18,25,2,2,44,26,1
Cybersecurity,Seed,France,920661,46,5,1.07,94458,0.071,29381,2,19,5,7,34,34,0
CleanTech,Pre-Seed,UK,248110,146,2,39.87,158317,1.631,45435,20,16,8,6,52,2,0
HealthTech,Pre-Seed,Israel,399345,76,3,381.62,618084,2.029,40078,23,4,5,9,43,24,0
SaaS,Seed,Germany,914627,30,4,292.5,413243,4.086,23267,14,28,1,5,110,14,1
SaaS,Series A,Brazil,14191697,19,5,19.54,417202,3.784,47735,2,16,3,9,26,13,1
HealthTech,Pre-Seed,USA,328011,21,13,244.3,644992,1.75,42007,37,0,5,9,15,29,1
AI/ML,Seed,Israel,1190568,15,3,356.16,406742,2.741,7088,27,26,7,2,77,1,0
CleanTech,Series A,Canada,10764461,55,12,434.54,757157,4.145,31818,66,4,5,9,81,34,1
AI/ML,Pre-Seed,France,188439,32,14,467.05,316505,-0.105,12822,37,4,5,3,12,4,1
AI/ML,Series A,Singapore,11119550,59,7,164.06,533518,3.971,36589,36,6,7,3,44,28,0
AI/ML,Pre-Seed,USA,85362,105,5,68.35,39533,4.724,1436,66,15,8,9,43,19,1
HealthTech,Series C,USA,109938189,129,5,118.84,242033,-0.033,45665,18,17,8,7,5,1,0
AI/ML,Seed,Brazil,2199547,26,6,388.2,159388,0.037,27281,7,5,7,8,57,13,0
Cybersecurity,Pre-Seed,Australia,306157,20,7,485.76,149771,1.591,22481,43,1,3,7,18,5,1
FinTech,Seed,Canada,705827,137,10,233.46,744851,0.256,30469,41,12,2,9,46,33,0
E-Commerce,Seed,Australia,2800070,4,10,153.02,661729,2.292,18867,62,9,1,8,83,14,1
SaaS,Series A,Singapore,10638483,87,8,214.88,110960,3.589,40487,41,20,6,4,91,16,1
SaaS,Series A,USA,14498431,146,9,152.75,592753,2.748,22766,73,19,9,2,32,32,0
E-Commerce,Seed,Canada,842424,143,11,128.62,157745,0.821,29737,64,10,3,5,113,27,0
HealthTech,Pre-Seed,Canada,463083,10,4,297.08,295539,3.205,21213,67,25,5,2,101,35,1
EdTech,Pre-Seed,India,368667,95,5,8.36,114162,3.361,28355,64,20,9,4,39,3,0
HealthTech,Pre-Seed,France,449594,140,5,130.15,140704,4.649,22537,5,1,9,2,62,4,0
SaaS,Seed,USA,1240045,21,8,330.86,164779,0.563,2794,30,7,7,5,79,7,0
SaaS,Series B,USA,16156245,36,9,16.52,487965,3.4,44296,29,23,4,6,26,13,0
E-Commerce,Seed,Canada,1232318,54,7,42.06,85937,4.539,32324,15,21,2,1,104,3,0
AI/ML,Pre-Seed,Australia,208998,111,5,147.05,663935,2.408,30858,5,18,2,8,28,17,1
HealthTech,Seed,USA,2176079,137,3,438.96,654938,1.681,42850,12,19,4,2,60,10,0
Gaming,Series A,Canada,12011603,5,1,382.56,402888,0.688,13018,79,16,1,5,11,1,1
E-Commerce,Series A,USA,6762853,103,11,11.57,752092,4.307,17481,47,15,4,8,63,28,1
Cybersecurity,Series B,Canada,25391619,48,9,251.11,721776,1.85,15584,52,24,6,5,21,10,1
SaaS,Pre-Seed,India,467230,95,5,137.71,149830,4.609,9850,-13,9,6,3,30,7,0
E-Commerce,Pre-Seed,France,295847,49,9,324.5,601297,4.208,25701,45,4,7,6,9,3,1
HealthTech,Series B,Canada,28457080,92,10,360.92,416497,1.759,41223,72,13,5,1,47,7,0
SaaS,Series A,USA,7461918,85,12,431.5,269188,2.784,43952,2,23,9,1,88,9,1
EdTech,Seed,Singapore,1694601,69,13,237.97,255340,-0.059,45975,49,18,2,8,96,35,1
E-Commerce,Series A,France,4808516,140,14,497.23,42548,1.169,160,34,3,2,7,65,26,1
CleanTech,Series A,India,3956011,126,4,490.0,552659,3.493,25832,22,19,4,3,39,5,1
SaaS,Seed,Canada,1292955,74,5,441.14,378121,3.325,31210,79,15,4,8,18,13,1
HealthTech,Series A,Singapore,12655179,5,4,287.65,685004,1.638,22290,0,23,4,8,102,30,1
FinTech,Seed,Canada,2261126,77,2,199.3,234731,4.005,29441,1,14,1,1,7,10,0
Gaming,Seed,Australia,793313,74,12,182.51,164946,1.026,24886,-12,27,4,7,31,23,1
BioTech,Seed,USA,2118505,78,1,6.56,491875,2.199,32394,13,8,5,2,54,11,0
AI/ML,Series A,Israel,12991133,49,8,124.96,548569,2.257,8418,38,2,9,2,117,12,0
BioTech,Series A,Brazil,4717355,103,4,359.54,425505,1.572,7081,5,22,3,2,25,13,0
HealthTech,Series A,UK,8048336,107,5,302.01,261060,4.764,37180,-20,8,3,5,8,16,1
Cybersecurity,Pre-Seed,Australia,153619,78,6,458.25,408270,3.423,10114,79,17,5,7,38,9,1
Cybersecurity,Series A,Singapore,14872582,40,14,25.49,110020,2.604,18722,-16,3,6,4,59,10,1
FinTech,Series A,Australia,9848829,59,8,78.06,641796,2.455,21972,20,18,3,4,35,29,0
AI/ML,Series A,Germany,14631400,20,11,394.73,515626,0.628,17985,42,23,1,9,51,9,1
CleanTech,Series A,Canada,7900318,89,8,179.57,76846,1.735,5888,1,3,8,9,43,33,1
FinTech,Series A,Canada,12836530,114,7,59.61,366826,3.298,3718,47,8,1,7,82,24,1
BioTech,Seed,UK,633114,78,4,498.23,452985,4.608,32147,27,0,2,4,57,35,1
FinTech,Seed,UK,991638,78,6,393.73,301456,4.046,43382,45,0,3,8,100,11,1
BioTech,Pre-Seed,Germany,377329,29,4,204.67,499733,1.362,18309,-5,19,6,3,109,13,0
SaaS,Seed,USA,2387717,67,14,411.76,386330,2.057,19299,59,18,4,3,28,23,1
Cybersecurity,Seed,Brazil,1184076,11,7,340.46,419062,0.231,41211,32,2,4,7,39,25,1
SaaS,Series A,Israel,8583161,127,12,395.09,425699,0.331,22036,65,9,9,9,79,16,1
Gaming,Pre-Seed,Israel,348162,59,13,407.7,560846,2.245,19885,44,11,6,4,118,21,1
AI/ML,Pre-Seed,India,189133,143,12,42.82,577476,2.557,29346,58,17,2,4,19,10,0
CleanTech,Series A,India,6809697,126,13,311.67,678372,1.173,47971,43,13,7,1,98,19,1
BioTech,Pre-Seed,USA,347515,113,13,3.89,567524,3.142,49137,67,9,3,1,34,35,0
CleanTech,Pre-Seed,India,291422,85,11,22.21,507425,3.458,26691,47,9,9,3,30,28,0
BioTech,Pre-Seed,India,395165,144,14,452.04,579364,1.355,40042,42,17,6,7,95,2,1
HealthTech,Pre-Seed,Germany,464021,97,1,264.02,320546,3.744,48527,41,23,8,9,27,30,0
FinTech,Pre-Seed,Germany,320001,34,5,368.08,366611,0.869,17986,61,0,1,4,49,5,1
Gaming,Seed,India,2215556,146,14,419.33,173148,2.63,27846,60,29,2,2,24,15,1
Cybersecurity,Seed,Australia,2081041,142,10,474.82,614625,3.982,49665,50,14,6,6,93,3,1
BioTech,Series B,France,16399298,48,12,434.74,125827,2.592,47872,24,7,3,6,63,24,1
CleanTech,Seed,France,2162805,113,10,241.91,478380,4.521,41401,31,25,1,9,46,12,1
Gaming,Series A,USA,3782409,145,4,168.32,608552,0.104,8192,53,2,6,4,104,8,0
EdTech,Pre-Seed,Israel,61826,44,11,77.67,788060,2.859,39269,44,17,5,8,22,14,1
EdTech,Pre-Seed,UK,194962,9,7,200.46,578061,2.721,38487,-19,8,9,3,111,18,0
SaaS,Series A,USA,13830332,4,13,183.56,717518,3.234,9412,28,15,6,2,52,20,0
Cybersecurity,Pre-Seed,India,176044,126,9,280.01,300714,4.134,15963,1,20,5,9,90,23,1
HealthTech,Seed,Germany,1213391,13,5,332.92,97995,3.574,33623,75,14,1,6,49,5,1
CleanTech,Seed,Canada,2061232,85,4,489.17,50658,3.909,1017,8,29,1,8,49,1,1
FinTech,Seed,Australia,1005350,17,9,364.33,462400,1.302,5279,14,4,1,9,74,2,1
FinTech,Pre-Seed,Singapore,387164,79,5,322.05,392784,1.815,10412,60,12,7,1,53,16,0
CleanTech,Seed,Germany,2734967,60,9,167.88,330338,3.059,7712,55,21,6,1,57,5,0
AI/ML,Seed,France,2520880,64,8,17.73,208579,2.678,15817,3,19,5,5,80,22,0
HealthTech,Pre-Seed,Germany,153475,50,4,144.42,384016,4.798,28080,73,6,4,9,41,1,1
Gaming,Series A,Australia,14189893,52,11,384.34,456288,0.772,6624,9,15,8,7,16,12,1
BioTech,Series A,UK,13804946,34,11,103.03,710948,1.627,29126,63,6,8,7,71,19,1
AI/ML,Series C,India,199943263,31,7,356.24,261953,2.778,16579,21,26,5,2,49,22,1
BioTech,Pre-Seed,Canada,273177,77,5,290.1,78582,4.313,15131,50,24,4,3,23,17,0
BioTech,Series A,France,14206362,16,10,86.34,727103,4.633,37462,29,21,2,4,17,13,1
AI/ML,Seed,France,1987564,83,4,131.18,447734,1.547,46815,50,15,7,2,102,28,0
SaaS,Seed,Brazil,2509810,93,5,248.4,153775,0.149,37419,39,12,5,9,99,3,0
EdTech,Pre-Seed,Israel,210020,24,5,209.48,583744,1.992,23375,9,16,3,5,83,5,0
BioTech,Series A,UK,4255959,95,11,389.39,589779,1.851,26093,-9,8,9,7,86,15,1
AI/ML,Pre-Seed,France,119093,46,9,367.34,280187,4.93,45494,28,11,9,9,3,17,1
AI/ML,Seed,Israel,2613687,63,12,287.5,375356,2.042,32525,74,12,8,5,82,29,1
E-Commerce,Pre-Seed,France,378634,16,9,411.23,528943,1.39,29030,61,25,1,6,111,4,0
SaaS,Series A,India,4619426,47,6,281.55,774291,1.7,44067,25,8,3,4,84,32,1
Cybersecurity,Series A,Israel,13744676,65,14,482.21,340484,1.864,5207,22,4,2,8,12,4,1
E-Commerce,Series A,Australia,10005351,76,4,109.0,151248,4.072,10897,-19,6,4,1,25,13,0
E-Commerce,Pre-Seed,Brazil,280063,53,2,357.21,407152,0.221,26639,76,0,2,1,20,20,0
CleanTech,Pre-Seed,India,91269,89,14,185.29,565462,1.446,2792,54,3,8,5,115,18,0
EdTech,Seed,Australia,1629250,58,3,139.84,354776,4.825,420,77,27,1,9,60,12,1
AI/ML,Seed,Canada,1328894,84,2,90.6,360912,0.596,29224,59,25,4,2,75,25,0
EdTech,Pre-Seed,UK,446343,67,5,276.48,642465,3.662,19198,33,3,5,3,112,30,1
HealthTech,Series A,UK,11673899,21,6,108.13,560197,1.653,35608,14,15,4,8,119,15,1
CleanTech,Series C,Singapore,169090471,34,11,100.58,54158,2.825,46205,31,4,8,5,96,8,1
Cybersecurity,Series A,Singapore,10059916,73,5,495.27,673726,0.318,17415,12,21,2,3,79,28,1
EdTech,Series A,Israel,5188077,26,2,400.97,226197,1.393,40407,64,3,9,6,54,22,0
FinTech,Series C,UK,189002701,47,12,374.26,719697,2.404,17875,63,5,2,6,118,16,1
BioTech,Pre-Seed,Israel,149468,74,5,397.13,795772,1.005,4975,51,25,2,5,97,5,0
HealthTech,Seed,Singapore,1790906,99,9,484.48,778278,2.618,26461,30,22,2,5,48,34,1
SaaS,Series C,Canada,133687685,58,4,286.85,737402,0.943,21331,5,2,8,6,109,11,0
Cybersecurity,Pre-Seed,France,481888,88,12,110.51,454140,3.181,16893,76,24,3,2,15,2,1
HealthTech,Series A,Australia,4435367,134,10,431.17,432058,4.503,18243,41,7,8,6,98,25,1
BioTech,Seed,Germany,2040450,56,2,371.49,682818,0.245,15535,40,16,7,2,19,25,0
CleanTech,Seed,Israel,2189576,62,3,207.45,97367,0.926,5061,5,28,4,3,69,1,0
BioTech,Series A,Canada,6246849,90,3,237.05,337526,4.191,1858,16,17,7,2,63,31,0
E-Commerce,Series B,Australia,27595379,9,9,205.92,84319,3.084,25489,9,17,8,1,67,5,0
BioTech,Series A,UK,8387059,17,4,465.01,283314,0.209,13678,74,25,6,1,55,4,0
E-Commerce,Pre-Seed,France,127994,117,1,172.09,654240,2.329,34833,76,24,6,9,7,5,0
CleanTech,Series B,Australia,44454330,62,1,481.76,614433,0.891,47159,-10,11,3,4,34,5,1
Gaming,Pre-Seed,Brazil,93481,16,7,455.18,796427,0.835,19350,32,24,5,5,91,16,0
E-Commerce,Seed,Singapore,2147982,132,7,315.45,229643,4.691,13346,20,24,2,7,47,18,1
SaaS,Seed,Australia,1934730,103,2,290.12,700538,3.76,48005,-16,0,5,2,58,17,1
BioTech,Seed,Germany,944854,55,9,185.36,220244,3.42,6773,45,22,5,9,7,35,1
BioTech,Seed,Canada,660185,15,9,9.66,674399,1.042,29465,-8,11,7,4,103,18,0
SaaS,Series B,France,30005252,37,5,64.25,24990,0.417,9788,42,10,4,1,89,4,0
FinTech,Series A,India,9502483,106,3,377.24,671801,4.328,32343,61,12,6,8,78,31,1
AI/ML,Seed,Australia,1478534,83,3,236.03,526641,-0.169,46862,69,2,9,4,36,31,0
Gaming,Pre-Seed,USA,323958,68,12,75.34,139327,1.818,37210,4,26,4,7,63,9,1
Cybersecurity,Series B,Germany,39478732,11,3,132.35,299006,1.244,9247,23,24,6,3,89,31,0
E-Commerce,Series B,Germany,42535144,50,6,473.94,430489,2.766,45963,-7,7,9,9,82,5,1
SaaS,Series A,USA,12284276,112,4,183.88,664511,1.103,41983,48,2,1,5,115,16,0
CleanTech,Pre-Seed,Brazil,107836,66,8,453.89,213161,1.418,35972,38,16,8,5,64,16,1
E-Commerce,Pre-Seed,India,319579,58,13,152.67,360933,4.22,16959,35,24,1,3,71,20,1
AI/ML,Pre-Seed,Singapore,305095,28,11,271.84,361595,2.937,49350,31,12,4,9,65,30,1
CleanTech,Pre-Seed,Canada,382745,114,13,10.73,127782,0.558,23807,45,9,3,3,46,26,1
HealthTech,Seed,France,981632,134,11,261.18,798797,3.578,34133,47,16,4,2,113,31,1
BioTech,Series B,Canada,41475576,72,11,318.65,344348,0.879,24218,-9,2,7,9,30,15,1
HealthTech,Seed,India,2846869,84,5,117.54,408216,2.052,21734,54,12,9,9,72,20,0
E-Commerce,Pre-Seed,Canada,184479,58,1,289.68,62499,3.162,22828,47,21,9,4,15,35,0
AI/ML,Pre-Seed,USA,411087,121,9,323.76,267023,1.214,17400,22,5,1,4,45,23,0
Gaming,Pre-Seed,Germany,82940,94,1,343.6,341355,1.797,20002,52,13,1,6,32,25,1
E-Commerce,Pre-Seed,Canada,55666,16,6,388.31,153979,3.618,32793,53,26,9,9,28,22,1
SaaS,Pre-Seed,Israel,349266,112,1,156.01,158408,4.677,36492,70,9,4,8,83,8,1
EdTech,Pre-Seed,Australia,430791,102,3,284.1,717691,2.552,32217,-15,19,3,3,65,9,0
E-Commerce,Series A,India,10496196,120,10,490.8,381603,-0.148,36226,-6,15,9,6,75,15,0
BioTech,Series C,Brazil,128510809,77,5,449.12,349899,1.56,27932,21,17,5,7,59,20,1
BioTech,Seed,Israel,1409834,21,10,476.36,340927,1.873,43327,10,12,6,6,66,35,1
E-Commerce,Seed,USA,2803869,132,7,193.38,735311,1.564,30875,65,9,1,3,82,3,0
CleanTech,Series A,UK,12800518,74,14,393.57,717869,2.069,25046,32,5,1,9,51,34,1
EdTech,Pre-Seed,USA,412612,123,10,310.14,425596,3.09,23664,-15,9,7,4,54,34,0
SaaS,Pre-Seed,Brazil,441351,42,8,41.83,375296,0.43,24453,12,4,8,2,65,35,0
E-Commerce,Series B,Brazil,15026505,131,12,412.08,168352,1.218,4746,8,28,8,9,84,9,1
CleanTech,Pre-Seed,Israel,86713,24,9,338.71,162931,2.44,23973,0,5,7,3,15,30,0
BioTech,Seed,Australia,1329601,24,6,99.86,240413,1.441,13217,33,6,9,6,95,26,0
BioTech,Seed,India,1752930,145,11,40.33,451618,4.954,23362,35,10,1,5,109,12,1
AI/ML,Seed,Singapore,2150375,10,9,418.59,149334,2.043,41835,73,15,2,2,111,24,1
E-Commerce,Seed,Germany,2375530,14,8,39.91,156626,4.323,9133,0,24,3,1,90,19,1
EdTech,Series A,Israel,3212204,52,9,46.13,541296,4.462,35809,79,11,5,9,47,16,1
FinTech,Pre-Seed,Brazil,300694,65,10,213.99,90799,4.147,40533,34,11,4,3,110,26,1
EdTech,Pre-Seed,UK,299836,53,4,67.83,245018,0.044,5404,37,29,4,7,48,23,0
BioTech,Series A,France,10050305,39,9,456.88,289297,4.728,33339,43,22,8,9,79,33,1
BioTech,Seed,Brazil,1028168,101,7,235.41,69353,0.469,28725,65,19,8,9,91,30,0
HealthTech,Pre-Seed,Australia,486670,147,5,284.79,586380,-0.021,8796,25,25,7,6,43,23,0
BioTech,Series B,Australia,32750431,52,5,464.09,253907,1.955,45380,63,4,1,8,48,10,1
SaaS,Seed,Brazil,1067827,138,1,265.37,708512,0.812,48073,1,15,4,9,3,31,0
Cybersecurity,Series A,Australia,13725816,142,2,177.12,583392,0.758,21364,39,28,1,3,75,22,0
E-Commerce,Series A,Israel,11325857,56,10,398.68,165355,1.297,41341,-10,5,5,6,70,2,1
EdTech,Seed,Brazil,1767633,110,3,221.7,449645,1.092,1236,26,28,3,5,94,23,0
Cybersecurity,Seed,Brazil,1007800,45,14,159.58,753894,3.361,2380,10,8,3,7,14,35,1
CleanTech,Series C,India,85580614,111,14,361.75,38887,0.771,39945,56,4,4,7,90,32,1
FinTech,Pre-Seed,Germany,493942,129,8,400.9,449388,2.624,14538,-3,20,2,9,112,12,1
SaaS,Series A,UK,11437392,106,6,395.96,305845,4.929,11971,1,22,7,1,75,35,1
EdTech,Pre-Seed,Australia,163034,11,12,488.85,182606,2.048,43065,35,15,4,6,37,3,1
Cybersecurity,Seed,India,2509413,101,10,393.44,261420,3.138,34285,-4,17,5,5,104,34,1
FinTech,Seed,Singapore,2273462,149,11,385.08,605730,4.841,17917,17,18,2,4,101,24,1
HealthTech,Series B,Singapore,36152933,110,13,428.81,546567,0.516,38655,4,11,6,1,35,17,1
SaaS,Series C,Canada,156270719,109,14,0.59,708851,1.977,11486,11,1,9,4,60,1,0
SaaS,Pre-Seed,Israel,326693,141,5,181.53,655026,4.221,37410,-6,25,8,7,119,8,0
HealthTech,Pre-Seed,Israel,369064,147,13,368.93,479363,4.648,25446,-8,9,8,4,37,15,1
E-Commerce,Series A,USA,7934990,95,1,300.06,673621,2.926,21703,37,11,2,1,48,25,0
HealthTech,Seed,UK,2017307,64,12,89.2,669834,0.546,44191,69,13,4,1,86,8,0
SaaS,Pre-Seed,Brazil,310464,85,11,152.21,625702,4.488,11399,29,17,8,1,68,32,0
SaaS,Series A,Australia,12850716,26,12,168.73,430141,0.707,38829,-10,18,1,5,46,13,1
Cybersecurity,Seed,UK,2754407,13,9,284.13,354318,1.635,12685,-8,5,8,7,28,15,1
BioTech,Series C,Canada,113794852,26,3,415.88,230079,1.753,22241,76,4,3,9,44,6,1
FinTech,Pre-Seed,USA,74624,12,3,466.28,539075,2.126,4487,29,26,8,8,79,33,0
HealthTech,Seed,India,2027573,65,2,375.17,252951,3.909,12018,17,15,6,2,32,7,0
FinTech,Seed,UK,1070993,127,4,421.55,214470,3.971,30825,-20,13,7,9,118,33,1
HealthTech,Series A,India,8856494,51,12,235.31,723537,3.542,7750,18,12,2,4,34,29,1
CleanTech,Seed,Singapore,1346822,90,2,195.19,315868,-0.085,17684,6,20,1,5,38,32,0
SaaS,Seed,Australia,2665521,100,13,196.66,544951,2.737,43118,15,1,6,5,21,3,1
BioTech,Pre-Seed,Canada,251893,117,9,308.21,419336,3.687,14410,11,1,3,4,24,20,1
Cybersecurity,Series A,Brazil,9102493,97,12,62.56,688100,2.112,15105,20,11,4,6,67,14,1
BioTech,Seed,Australia,1200146,15,10,289.96,505262,4.714,18913,-6,0,9,1,59,28,1
BioTech,Pre-Seed,Germany,275758,2,7,332.73,143107,4.084,36028,10,18,3,2,13,4,1
BioTech,Series A,Israel,13562185,26,8,219.73,634559,3.118,49515,-15,27,2,4,28,15,1
FinTech,Pre-Seed,Canada,473502,73,3,476.61,601676,0.125,47342,68,27,2,4,50,17,0
HealthTech,Pre-Seed,UK,65994,70,6,304.3,62335,3.192,46480,31,26,2,8,21,24,1
Gaming,Series B,Australia,32795759,134,10,110.39,53315,4.54,49997,61,15,6,9,85,8,1
CleanTech,Seed,France,611915,106,6,239.87,318771,1.773,17711,1,29,2,4,14,3,0
EdTech,Series A,Israel,11773713,148,13,337.86,411519,4.158,24967,10,6,7,6,69,30,1
BioTech,Pre-Seed,Israel,154672,24,1,162.15,512870,1.428,36023,79,26,7,4,58,22,0
E-Commerce,Series A,France,10104527,10,6,40.28,59334,2.765,36005,52,20,7,4,20,33,0
FinTech,Pre-Seed,USA,329349,119,13,291.93,196964,3.172,26622,25,6,2,9,115,25,1
Cybersecurity,Seed,USA,818821,95,14,473.96,202268,3.326,45201,46,15,7,4,7,30,1
EdTech,Series C,France,138113314,145,3,242.79,49726,4.389,9497,76,24,8,6,114,3,1
Gaming,Series A,Germany,4121889,34,11,453.1,503657,1.02,16350,70,5,8,9,26,4,1
E-Commerce,Seed,Singapore,1249211,131,3,417.59,216823,1.164,48709,22,17,2,3,80,29,1
Gaming,Seed,France,2493384,15,3,74.13,714966,3.461,22696,-20,0,5,7,117,32,1
EdTech,Series B,Singapore,21524367,2,10,354.23,782333,0.721,27470,23,0,6,7,40,23,1
BioTech,Seed,Australia,1644634,91,11,218.02,172325,2.214,30889,36,25,9,1,69,19,0
E-Commerce,Series A,Germany,5185028,90,11,125.5,689590,-0.096,10224,-12,24,6,2,72,15,0
Gaming,Series A,Canada,7803958,145,10,343.63,195046,0.533,41724,-16,13,6,5,78,16,1
Cybersecurity,Pre-Seed,Singapore,63403,91,11,371.46,420141,3.33,5465,58,5,6,8,54,23,1
HealthTech,Pre-Seed,Israel,392196,15,8,90.36,596749,3.687,16882,-12,5,9,6,77,1,1
SaaS,Series A,Australia,3772838,112,13,457.27,799097,0.4,32203,24,3,7,7,41,19,1
HealthTech,Pre-Seed,Israel,311420,144,5,375.7,299169,0.984,27944,71,11,1,3,61,35,0
EdTech,Pre-Seed,Germany,385639,84,4,466.72,426749,0.314,29837,56,29,1,6,28,30,0
FinTech,Series B,Singapore,25648764,73,13,158.88,528982,2.054,2944,3,17,4,9,67,17,1
SaaS,Seed,India,858234,131,9,469.7,293142,0.456,24336,53,9,2,3,82,26,0
CleanTech,Series A,Germany,4825260,28,9,184.57,333392,2.074,38624,21,2,3,6,50,13,0
Cybersecurity,Seed,Germany,2565306,75,1,27.46,638781,3.607,44764,1,2,7,7,115,22,0
CleanTech,Seed,India,1081529,100,2,381.6,295201,3.354,31796,39,7,7,5,113,23,1
E-Commerce,Pre-Seed,Australia,191439,73,8,351.9,613532,1.258,28789,65,21,3,8,55,33,0
SaaS,Seed,Singapore,2662182,24,5,299.16,224680,3.304,45420,16,22,2,8,11,27,1
CleanTech,Pre-Seed,Singapore,227577,69,7,245.2,211703,4.624,24222,18,24,1,6,7,35,1
CleanTech,Seed,Israel,1712980,143,1,16.57,369175,1.607,38845,63,0,9,7,118,12,0
Gaming,Series A,Germany,6099834,118,12,312.49,640175,1.511,135,53,17,3,3,74,9,1
HealthTech,Seed,Germany,1755973,107,10,208.71,525728,2.771,15773,53,14,9,7,63,34,1
Gaming,Seed,Brazil,605185,94,12,280.32,77173,1.077,42060,69,24,4,7,23,14,1
SaaS,Seed,Canada,555182,66,5,214.95,745566,3.188,26447,68,20,6,4,99,3,0
SaaS,Pre-Seed,Germany,345135,69,11,483.05,48734,4.128,4033,32,19,7,4,105,21,1
EdTech,Seed,UK,2177465,129,12,302.25,596360,2.188,20497,7,16,6,3,109,7,1
Gaming,Pre-Seed,Canada,228735,64,3,374.74,467391,3.333,14178,56,24,1,7,65,33,0
AI/ML,Pre-Seed,UK,378030,114,10,468.21,244046,3.19,6546,-6,10,6,5,22,35,1
HealthTech,Pre-Seed,Singapore,172002,91,12,296.0,204855,0.001,8396,39,12,6,3,60,11,0
SaaS,Seed,Canada,2943144,82,12,6.53,366338,0.754,20978,39,24,5,6,119,32,0
EdTech,Series A,Germany,14427391,104,14,17.63,736099,4.446,43331,-15,19,3,6,47,22,1
Gaming,Pre-Seed,India,369836,117,2,351.32,228126,4.682,12882,31,24,3,6,24,19,0
HealthTech,Seed,Israel,2372508,14,2,139.9,454258,3.858,16945,-9,9,7,2,79,11,0
Gaming,Seed,UK,1108434,125,9,289.9,717717,4.59,21784,-2,12,8,7,105,13,1
CleanTech,Pre-Seed,Canada,97997,148,13,101.54,149741,1.392,3314,75,16,3,7,77,28,1
EdTech,Series B,Germany,48698807,89,4,135.49,647560,1.088,18595,54,20,3,4,84,15,0
HealthTech,Seed,Canada,2019644,12,4,252.57,602190,1.798,18755,76,0,7,6,65,13,0
BioTech,Seed,Germany,535187,16,7,487.8,422126,0.088,32311,-19,19,7,4,32,33,0
E-Commerce,Seed,Germany,1489280,11,10,308.33,66959,4.011,45695,34,15,9,4,65,8,1
E-Commerce,Pre-Seed,Germany,182965,42,10,468.11,630911,4.918,30598,-6,15,6,6,99,32,1
HealthTech,Seed,Brazil,2217689,74,13,479.71,665726,4.085,35449,43,27,7,9,46,4,1
Gaming,Seed,Israel,2018560,53,2,104.45,582703,2.686,35574,79,20,1,7,69,18,1
EdTech,Series B,India,22069222,129,3,155.94,134716,1.335,44729,48,29,7,2,60,23,0
E-Commerce,Pre-Seed,India,368174,29,3,385.11,393353,0.828,18639,-6,26,2,6,67,29,0
EdTech,Seed,Canada,1041797,66,6,433.45,19907,1.693,45370,22,2,7,5,38,2,0
E-Commerce,Seed,Canada,568653,18,3,259.85,567068,3.268,31023,53,1,3,6,8,13,0
CleanTech,Pre-Seed,Germany,218001,96,11,496.62,461095,2.125,9092,-4,5,9,8,39,16,1
Gaming,Seed,Brazil,2863338,139,5,6.28,569373,4.657,6382,77,10,5,8,95,8,1
CleanTech,Series A,Germany,8436526,64,4,150.15,468715,4.242,42710,3,28,7,3,77,19,0
E-Commerce,Series A,Brazil,10639377,39,3,311.77,279629,0.332,3159,53,2,8,9,118,32,0
BioTech,Seed,Germany,2296218,71,8,234.91,321671,0.484,5656,9,25,2,6,57,3,1
BioTech,Series A,UK,13772926,105,14,58.74,239632,3.316,1452,46,0,1,7,79,32,1
CleanTech,Series C,UK,64387810,54,10,184.21,790504,1.0,42203,30,10,7,9,77,21,1
BioTech,Series B,Singapore,49106658,120,3,13.21,780497,3.913,18706,39,12,6,7,61,25,1
E-Commerce,Pre-Seed,Germany,224750,75,6,321.55,101005,2.875,9862,-18,4,6,9,40,17,1
HealthTech,Series A,Israel,8098907,55,13,446.42,592816,0.995,10219,-16,17,2,1,117,25,1
CleanTech,Seed,Singapore,760710,21,7,442.49,654919,2.289,23481,7,14,3,1,27,33,0
FinTech,Series C,Canada,126778368,80,7,349.92,299943,1.912,34536,57,17,4,3,81,31,1
Gaming,Seed,Australia,2540403,32,2,233.15,788074,4.34,6096,-10,14,3,9,119,23,1
BioTech,Pre-Seed,Germany,183058,136,14,256.26,410662,-0.033,37953,51,19,2,1,79,25,0
BioTech,Series A,UK,10416510,59,3,68.89,191532,4.458,11855,51,19,3,1,108,30,0
SaaS,Seed,Australia,1953953,106,12,170.84,366961,3.191,43262,55,19,6,5,35,13,1
AI/ML,Series C,Brazil,109658449,11,10,94.27,330404,3.635,14460,-6,6,9,8,15,29,1
CleanTech,Series C,Australia,57467133,11,10,410.69,155949,-0.186,33937,62,16,4,2,40,16,0
Cybersecurity,Series A,Israel,12794027,40,4,457.42,269673,3.067,21094,27,28,6,4,119,27,1
BioTech,Pre-Seed,Germany,241996,38,7,268.69,427939,2.86,39358,25,7,1,6,60,26,1
Gaming,Series A,India,12931711,120,2,364.02,285087,2.593,49538,7,27,6,1,90,11,0
FinTech,Pre-Seed,Australia,411417,68,3,61.17,413522,3.887,27924,-14,12,3,4,22,3,0
BioTech,Pre-Seed,India,255380,44,7,304.46,177856,2.691,17789,50,25,9,4,110,26,0
FinTech,Series A,Brazil,7782337,53,7,351.54,521844,4.257,123,73,15,4,9,19,34,1
E-Commerce,Pre-Seed,Singapore,182283,102,10,226.66,393545,1.01,48394,61,24,7,9,116,33,0
E-Commerce,Seed,India,893445,57,3,122.01,685815,3.991,5909,67,9,4,6,26,15,0
AI/ML,Series C,Singapore,90287646,77,12,438.75,231099,0.732,31854,-15,28,6,8,28,2,1
HealthTech,Seed,UK,2480425,69,1,371.58,736808,4.028,3896,37,13,7,4,42,28,0
Cybersecurity,Pre-Seed,Germany,151489,138,12,449.98,433190,4.69,40834,47,5,2,8,34,20,1
SaaS,Series B,Australia,46505059,107,3,409.29,37371,1.546,42141,34,19,6,3,95,16,0
AI/ML,Pre-Seed,UK,263493,126,5,495.19,108746,2.555,17111,46,21,8,2,80,4,0
EdTech,Series A,UK,10694420,93,7,96.49,635536,3.223,7039,28,25,6,6,39,8,1
SaaS,Series C,France,65269936,24,4,43.83,698526,0.213,44844,30,6,2,5,88,20,0
CleanTech,Series B,USA,31399173,110,13,168.83,297871,2.369,24099,38,5,4,8,100,26,1
Gaming,Series A,Israel,5941616,62,13,64.94,648288,1.675,3670,-15,26,1,1,93,32,1
EdTech,Seed,Singapore,2974370,45,11,261.8,73969,4.337,43335,69,16,7,3,94,13,1
EdTech,Pre-Seed,France,411417,17,11,316.7,431584,4.359,15029,30,20,8,7,88,5,1
AI/ML,Series A,USA,10105924,23,1,289.36,602819,3.444,31811,17,23,2,4,62,13,0
HealthTech,Series B,Israel,33856153,58,6,129.99,573385,3.21,15793,-10,7,5,5,59,11,0
AI/ML,Seed,Singapore,2742516,63,2,454.46,176056,3.615,41318,31,11,8,8,109,32,0
CleanTech,Pre-Seed,Germany,53052,108,12,11.08,585147,1.703,48106,72,25,8,1,60,18,0
BioTech,Pre-Seed,Israel,356521,72,3,174.33,206300,1.904,20126,-1,24,5,1,69,29,0
BioTech,Pre-Seed,Australia,248910,91,4,359.64,495315,2.679,19228,-11,3,8,7,24,15,0
HealthTech,Series A,UK,13815723,73,6,383.58,687510,4.678,18595,5,9,6,9,60,20,1
CleanTech,Seed,USA,2448697,71,6,208.35,241944,3.565,972,27,5,5,4,114,5,0
HealthTech,Series B,USA,28608519,31,7,8.95,66790,2.665,360,70,6,4,8,87,33,1
FinTech,Series A,USA,4079037,104,5,309.21,71779,3.806,2632,-7,20,5,7,82,18,1
BioTech,Pre-Seed,Singapore,332894,33,7,32.02,116371,1.729,35958,79,26,4,2,75,19,0
EdTech,Seed,Australia,1515930,87,2,54.37,308816,3.598,37716,38,7,1,5,79,32,0
Cybersecurity,Seed,Israel,1355695,58,1,325.3,341253,1.936,15346,-9,2,3,9,76,22,1
Gaming,Seed,UK,612036,110,12,156.59,44593,1.254,48322,2,7,8,9,51,1,1
CleanTech,Series A,Australia,13773427,10,10,174.34,417002,2.971,18008,64,14,7,3,87,25,0
SaaS,Series A,France,6831854,32,8,243.66,497252,3.372,12120,51,29,7,3,51,20,1
HealthTech,Series A,Germany,3889694,72,1,489.3,696783,2.188,30283,18,20,3,2,44,35,1
Gaming,Pre-Seed,India,116060,138,12,482.74,502696,2.741,7818,-12,0,9,7,42,6,1
SaaS,Pre-Seed,Australia,321223,14,2,208.42,202136,3.409,5119,67,12,6,6,73,6,0
Gaming,Series A,France,14149519,132,11,133.12,227872,3.792,30579,74,21,8,5,48,3,0
Cybersecurity,Pre-Seed,UK,372870,36,12,151.64,357284,4.457,45721,4,17,8,7,24,31,1
SaaS,Seed,India,1409121,22,10,134.76,693195,1.644,47668,-4,14,3,4,84,35,1
AI/ML,Pre-Seed,India,93162,65,6,266.36,345500,4.748,29837,21,6,4,5,23,15,0
E-Commerce,Series A,Australia,7066981,96,1,303.63,583570,3.114,975,8,14,6,9,53,17,1
AI/ML,Pre-Seed,USA,323497,35,10,244.65,662739,3.896,16265,39,24,2,9,116,15,1
BioTech,Series A,Canada,13598073,122,3,204.29,718074,3.439,4318,46,2,7,4,16,5,1
E-Commerce,Series C,UK,94068669,16,7,106.04,732395,0.869,35081,64,29,2,6,76,22,0
AI/ML,Pre-Seed,USA,205642,121,12,241.51,33814,0.171,49939,36,25,5,2,99,11,0
E-Commerce,Pre-Seed,UK,136373,97,8,170.88,165161,3.577,41515,51,13,4,3,11,28,0
E-Commerce,Seed,Canada,1193464,7,4,271.03,459047,2.457,43069,-7,19,9,9,20,14,1
EdTech,Series B,Germany,24107338,110,12,337.76,91673,3.452,47816,18,3,2,6,15,3,1
HealthTech,Pre-Seed,Canada,54551,98,3,316.84,586228,2.28,13134,-5,3,7,8,19,11,0
HealthTech,Seed,Brazil,568359,33,1,231.51,96796,1.424,39432,-3,2,7,5,89,30,0
EdTech,Pre-Seed,Australia,498096,84,12,278.25,46476,1.282,46150,74,4,7,2,27,5,0
Gaming,Series A,Australia,7668223,119,9,142.79,667129,3.599,10841,54,24,1,7,56,22,1
FinTech,Seed,France,1858356,80,10,12.61,314422,1.239,26135,-1,10,8,6,18,13,0
Gaming,Series A,USA,4515719,79,6,312.7,188066,3.516,12427,25,7,2,2,26,21,0
SaaS,Series B,France,35918642,148,6,126.66,770395,1.797,40251,24,25,5,6,97,25,0
SaaS,Pre-Seed,Brazil,341829,108,9,334.64,136259,3.809,34131,-17,1,2,8,77,21,1
E-Commerce,Series A,Canada,3837566,127,1,373.63,414181,0.543,36727,63,27,5,1,25,28,0
AI/ML,Pre-Seed,Australia,401060,16,6,458.01,370823,0.866,25165,74,15,7,4,43,4,0
AI/ML,Series B,Singapore,23483063,135,12,479.08,189357,3.367,1749,-1,24,6,1,105,29,1
HealthTech,Series A,Canada,11123155,74,5,5.76,196571,2.713,33308,-10,27,5,2,88,35,0
CleanTech,Series B,Canada,17336798,102,13,495.19,553708,0.86,7634,44,9,4,1,35,23,1
Gaming,Pre-Seed,Brazil,239937,99,11,341.67,166308,4.495,10614,-3,17,8,6,107,7,1
BioTech,Pre-Seed,Germany,361900,27,6,321.94,134283,1.235,24866,18,6,8,6,44,9,0
Cybersecurity,Seed,UK,2982159,93,14,8.1,453108,1.99,10282,23,4,1,1,50,23,0
AI/ML,Seed,Brazil,2658344,126,11,430.69,739391,0.852,20319,76,28,2,4,119,3,1
Cybersecurity,Pre-Seed,UK,241758,74,8,73.17,240461,1.818,36726,79,6,3,4,20,9,0
E-Commerce,Seed,Australia,1335165,124,5,418.75,598345,2.357,15412,-3,20,1,8,65,4,1
Cybersecurity,Pre-Seed,Brazil,285161,54,2,8.27,742267,1.335,36627,26,27,3,6,80,25,0
BioTech,Seed,UK,1312425,79,12,323.16,224202,3.799,8050,10,5,8,2,94,6,1
EdTech,Series A,France,4734428,93,12,217.68,152298,1.848,24583,78,23,4,5,13,18,1
BioTech,Seed,Brazil,786287,89,2,100.78,657396,3.593,18041,18,0,7,4,26,7,0
Cybersecurity,Pre-Seed,Australia,241349,14,10,54.23,256027,0.877,6185,17,28,7,4,63,35,0
BioTech,Seed,Brazil,2053749,44,5,220.34,47117,1.761,20812,58,10,5,8,66,31,1
FinTech,Pre-Seed,Australia,231062,77,3,62.09,139980,-0.158,25832,26,12,1,5,38,32,0
E-Commerce,Series C,Brazil,158656022,52,10,243.48,219944,3.745,17423,49,11,4,3,85,35,1
Gaming,Pre-Seed,UK,119351,20,3,312.8,198349,3.055,47156,-13,0,7,4,79,28,0
EdTech,Series A,Germany,11045391,123,8,413.78,750739,4.053,41644,65,20,5,1,99,5,1
AI/ML,Series C,Israel,159285989,25,7,339.49,462829,2.169,36786,44,14,2,6,55,30,1
SaaS,Series A,UK,12146779,27,1,33.07,551661,3.959,29665,-8,0,8,4,85,22,0
Gaming,Series A,USA,3498095,121,12,154.06,55452,3.167,9989,34,2,2,6,49,17,1
SaaS,Series A,India,13556069,83,13,144.35,191161,-0.181,18208,67,25,8,2,54,10,0
E-Commerce,Series C,Germany,115941662,101,12,457.56,16654,1.119,23054,64,14,2,5,98,7,1
EdTech,Seed,France,1186093,18,5,433.96,197213,2.368,30477,22,8,5,9,81,4,1
HealthTech,Seed,Canada,1667732,69,9,185.39,133319,3.017,30374,-17,13,4,8,59,27,1
AI/ML,Seed,UK,2935296,45,4,36.04,229015,0.141,41220,50,28,1,3,77,7,0
FinTech,Seed,Brazil,1990424,62,1,447.11,471110,3.466,3571,39,22,8,1,25,23,0
HealthTech,Seed,UK,521576,124,8,444.15,783393,2.626,19576,-9,27,3,3,61,11,1
E-Commerce,Seed,Singapore,1535865,94,5,427.45,628530,2.534,9680,38,21,4,8,71,8,1
Gaming,Pre-Seed,Germany,330092,75,2,422.62,588256,1.319,25706,56,23,4,3,58,8,1
FinTech,Pre-Seed,Israel,166528,68,12,240.39,669103,2.893,14318,33,7,5,5,88,5,1
BioTech,Pre-Seed,France,219898,112,1,89.13,410375,-0.057,20659,23,21,3,2,44,7,0
Cybersecurity,Pre-Seed,Singapore,139051,3,14,239.01,173223,0.136,49506,-5,3,9,1,20,22,0
FinTech,Pre-Seed,Australia,340011,90,12,247.55,141590,3.616,5029,-15,19,4,5,73,2,1
E-Commerce,Seed,Singapore,2532342,27,12,245.22,288796,1.474,48436,-7,19,4,5,35,24,1
CleanTech,Pre-Seed,UK,272428,100,12,269.62,481677,1.604,2774,37,5,6,6,5,2,1
Cybersecurity,Series A,France,13689065,28,3,129.2,647402,0.884,16972,10,0,8,2,30,12,0
SaaS,Pre-Seed,UK,356822,90,9,183.44,255615,2.117,14048,79,27,7,9,3,26,1
AI/ML,Pre-Seed,Australia,419705,147,1,217.38,785492,0.07,33372,20,17,4,2,65,6,0
SaaS,Series A,Canada,6945123,2,4,66.0,374633,1.362,43188,14,5,4,2,115,23,0
FinTech,Seed,France,1073722,104,8,227.95,244537,2.541,41133,-11,29,5,5,49,2,0
SaaS,Pre-Seed,Canada,116617,132,8,405.33,183420,2.221,14689,60,13,5,9,39,26,1
E-Commerce,Series B,Germany,35860717,42,10,414.12,740782,4.998,16737,9,10,1,4,88,14,1
BioTech,Series B,Germany,33557464,52,12,206.08,87001,1.822,16014,23,16,8,6,50,18,1
Gaming,Seed,Canada,2432360,16,11,259.64,521769,1.812,21818,34,8,5,2,110,32,0
AI/ML,Seed,Germany,1366164,9,13,17.31,86757,2.419,33201,50,27,3,4,21,14,0
SaaS,Series C,France,158373120,39,11,337.38,558683,0.79,11144,-3,21,3,9,16,30,1
SaaS,Seed,Brazil,1630070,115,8,202.6,143407,4.357,31001,62,6,4,2,69,13,1
FinTech,Seed,USA,2292841,84,10,223.02,636266,2.776,867,58,13,7,1,85,31,0
Gaming,Series A,Germany,7795817,57,8,436.9,473328,0.799,27182,65,27,5,4,99,22,0
HealthTech,Pre-Seed,Germany,132867,104,4,231.19,254348,3.926,14340,18,16,1,4,87,28,1
SaaS,Seed,UK,2765752,139,8,11.09,665860,-0.021,11837,21,7,5,1,67,19,0
E-Commerce,Pre-Seed,Canada,305669,103,9,114.13,658829,4.909,47059,33,27,5,4,28,16,1
CleanTech,Series A,India,4913980,79,7,238.07,233283,4.299,8787,9,15,6,3,12,5,1
AI/ML,Seed,Israel,2007394,84,14,212.49,378742,2.814,393,-1,11,7,2,101,2,0
SaaS,Series A,Singapore,5979845,31,12,430.25,222328,0.379,12056,75,11,5,4,79,10,1
E-Commerce,Pre-Seed,Germany,140748,6,2,271.3,408759,0.919,43160,21,27,2,8,72,19,0
E-Commerce,Pre-Seed,Singapore,304265,120,9,344.97,717597,1.253,44957,68,27,2,7,45,20,1
AI/ML,Seed,France,1019493,32,11,234.93,368315,1.053,28429,66,4,4,9,72,29,1
HealthTech,Series A,India,3910913,24,8,220.11,654711,2.387,45909,-16,4,1,8,101,25,1
E-Commerce,Seed,Israel,2557017,49,13,223.42,755076,4.712,31899,29,13,7,1,82,17,1
CleanTech,Pre-Seed,Canada,179529,110,5,205.76,540901,2.11,32221,20,5,1,2,107,13,0
E-Commerce,Series B,USA,32773649,41,12,269.52,207935,3.24,20754,73,6,3,2,74,16,1
E-Commerce,Pre-Seed,Israel,314395,7,3,125.6,532349,3.381,44389,18,22,7,8,61,35,1
E-Commerce,Series C,Israel,105005719,39,7,445.58,95666,4.332,20905,36,20,6,4,5,3,1
BioTech,Pre-Seed,USA,59583,101,14,166.88,556356,-0.024,24083,70,16,7,9,7,9,1
BioTech,Series A,Brazil,10138512,28,14,74.19,685907,1.903,41098,36,26,5,2,87,29,0
HealthTech,Pre-Seed,Canada,499274,70,2,48.73,619525,3.881,29621,16,8,8,4,97,5,0
SaaS,Series B,UK,35813696,58,13,7.2,277913,4.037,20577,-14,21,6,1,80,3,1
E-Commerce,Seed,Singapore,1446803,18,3,211.72,690243,4.622,36728,-16,12,4,3,103,10,0
Gaming,Pre-Seed,Germany,390716,72,12,94.21,595628,3.455,663,58,8,1,6,85,31,1
SaaS,Seed,Israel,2595598,48,9,11.31,89199,1.075,47301,30,26,2,9,39,11,1
HealthTech,Pre-Seed,France,316285,80,4,260.25,114222,2.429,19216,-13,15,6,1,119,17,0
EdTech,Pre-Seed,USA,204422,111,4,340.15,243931,-0.032,47259,35,3,4,5,86,8,0
SaaS,Series B,Singapore,32245514,14,3,43.33,176234,3.164,9265,52,1,3,2,54,2,0
SaaS,Seed,India,636149,140,5,230.73,491604,2.682,4574,-10,12,7,7,68,4,1
Cybersecurity,Series A,USA,3570303,125,3,371.94,43434,3.268,22755,1,12,7,4,65,16,0
FinTech,Seed,India,1488651,110,9,492.91,31536,4.637,31241,77,18,2,5,9,21,1
Cybersecurity,Series A,Canada,8170988,91,3,333.76,743251,3.374,22676,78,11,8,8,99,5,1
CleanTech,Pre-Seed,Israel,221929,87,2,122.8,733130,1.466,21561,56,3,1,2,55,35,0
BioTech,Pre-Seed,France,282268,93,12,358.42,114639,0.833,24737,-10,9,7,3,116,14,1
BioTech,Series A,Germany,6336640,25,5,299.17,453604,4.244,23390,39,15,1,5,108,15,1
FinTech,Series C,India,112908951,74,6,106.29,585063,0.811,26076,75,27,3,4,8,6,0
AI/ML,Pre-Seed,Singapore,372046,5,1,425.63,565435,0.64,5546,-6,23,3,5,9,16,0
AI/ML,Pre-Seed,Brazil,55577,114,14,213.99,322670,0.874,21280,17,18,2,3,46,23,0
HealthTech,Seed,Canada,1306434,47,12,481.01,164731,2.446,32953,-20,7,5,9,20,31,1
FinTech,Series C,Brazil,52660891,19,11,361.59,775167,0.446,21037,25,5,4,8,109,12,1
SaaS,Pre-Seed,Canada,230175,44,6,322.46,114663,4.678,40576,67,3,6,6,56,19,1
AI/ML,Seed,UK,921863,94,10,364.31,747456,4.825,28564,22,29,2,1,31,12,1
E-Commerce,Series B,Singapore,40724943,104,3,239.31,396377,4.864,33597,1,6,4,4,85,13,1
Gaming,Pre-Seed,Brazil,299402,125,4,252.86,33088,0.003,19903,-18,13,7,7,27,2,0
SaaS,Pre-Seed,France,281376,11,6,425.68,78464,4.72,30806,-7,26,1,5,65,20,1
CleanTech,Seed,Israel,2431506,74,8,340.62,300328,4.987,46328,-19,12,3,4,70,31,1
E-Commerce,Series B,USA,34119310,32,9,448.67,161171,4.701,24392,40,20,1,9,117,9,1
E-Commerce,Pre-Seed,Germany,145119,61,6,445.47,755866,3.289,28087,11,4,2,8,15,21,0
FinTech,Seed,Israel,1323265,132,7,488.26,756640,3.446,44288,17,8,9,3,34,8,1
HealthTech,Seed,Israel,1542137,119,14,350.26,47739,0.436,44308,76,28,5,6,29,29,1
CleanTech,Seed,Canada,2647907,15,5,251.4,149461,4.346,22293,25,2,4,4,53,19,1
AI/ML,Seed,France,1701988,144,14,83.57,27352,0.11,10677,21,9,4,7,36,35,1
FinTech,Seed,Canada,1351426,3,12,352.84,136788,1.452,12803,-15,14,8,1,30,26,0
AI/ML,Seed,Australia,2136748,25,9,146.14,424364,4.954,46656,20,19,3,1,75,11,0
FinTech,Seed,India,2090346,65,4,141.83,566116,1.996,46002,4,20,4,6,74,35,0
FinTech,Seed,Germany,1602801,101,10,119.52,602328,0.482,1225,77,16,2,7,87,4,1
FinTech,Seed,India,2787073,115,11,437.62,366423,4.84,5774,-10,22,6,9,112,3,1
HealthTech,Series B,USA,23994006,25,6,434.05,104430,4.918,13043,20,23,9,7,32,12,1
FinTech,Pre-Seed,Australia,163606,92,5,315.67,761891,0.773,16163,50,5,4,9,95,32,1
EdTech,Series A,Singapore,12976122,27,1,236.75,460330,4.297,2844,36,24,6,9,11,26,1
Gaming,Series A,USA,6322918,66,5,336.22,650245,1.83,7347,25,2,4,8,15,13,1
AI/ML,Pre-Seed,USA,78930,121,13,303.81,552036,1.783,20804,65,17,2,7,84,29,1
SaaS,Seed,UK,1241067,5,5,208.16,622924,1.166,36764,27,4,6,3,66,19,0
Cybersecurity,Seed,Germany,760102,2,14,190.13,699051,0.032,27246,42,12,7,3,40,35,1
CleanTech,Pre-Seed,Canada,412544,51,9,191.71,125158,1.194,42458,18,24,4,5,24,27,0
BioTech,Seed,France,1822521,111,1,294.77,229589,0.08,1688,-11,26,7,7,33,31,0
HealthTech,Pre-Seed,India,101360,140,5,324.01,206354,4.607,47055,64,0,8,7,101,3,1
SaaS,Pre-Seed,USA,400052,75,7,226.15,763604,3.241,17251,49,16,3,1,44,35,0
E-Commerce,Series A,India,11536239,63,11,484.36,725720,4.41,12504,44,25,2,8,64,24,1
EdTech,Pre-Seed,India,344478,82,6,42.38,282390,3.53,39720,77,2,5,1,108,7,0
BioTech,Series A,Singapore,13722305,57,6,173.85,251851,0.483,27584,38,25,2,4,66,35,0
Cybersecurity,Seed,Germany,2226334,112,12,209.83,69395,4.691,44484,57,18,5,2,76,21,1
SaaS,Series B,Germany,33624415,22,7,8.95,697846,4.479,48531,15,20,6,5,11,1,1
BioTech,Seed,Brazil,2877347,142,6,182.8,433556,1.61,38852,6,19,8,6,97,6,0
SaaS,Pre-Seed,Israel,111715,10,5,137.22,322444,0.38,13219,52,21,6,4,46,34,0
EdTech,Series A,Germany,4638004,140,10,253.27,406302,3.462,42972,34,11,4,4,65,18,1
Cybersecurity,Pre-Seed,India,206323,71,5,168.54,232143,3.587,24815,49,7,3,7,42,25,1
E-Commerce,Seed,Canada,767291,130,9,363.23,796401,4.464,48865,74,7,2,4,90,15,1
FinTech,Series B,India,37594892,119,14,255.21,551301,0.074,24623,60,14,1,2,43,32,1
AI/ML,Pre-Seed,Canada,364368,57,8,65.32,410623,0.537,36817,32,10,2,4,115,18,0
E-Commerce,Seed,Brazil,1830363,32,14,375.16,567830,2.911,3457,39,19,2,7,74,31,1
FinTech,Series A,Canada,6446839,38,12,50.06,34935,3.019,27855,40,0,5,1,52,29,1
HealthTech,Series B,Germany,44463663,92,10,419.61,510229,-0.025,36258,15,28,9,4,22,15,0
Gaming,Series A,Singapore,11167197,115,14,465.75,583367,1.864,15470,64,15,1,6,83,23,1
CleanTech,Pre-Seed,Canada,346952,129,4,161.56,44111,2.838,48957,6,29,4,8,94,11,1
CleanTech,Series A,India,4561014,123,4,463.11,216769,3.637,45930,20,13,7,8,72,15,1
AI/ML,Pre-Seed,France,248360,70,10,396.61,492333,1.444,18281,7,6,3,9,44,23,1
Cybersecurity,Series A,Germany,7589369,37,5,461.26,501029,2.316,11728,-5,5,8,5,35,3,0
EdTech,Series C,France,106953426,33,13,333.3,228008,4.033,45680,14,20,3,2,94,19,1
Cybersecurity,Series A,Australia,14208256,65,13,118.2,50565,4.76,38723,15,3,8,3,119,1,0
EdTech,Series B,Australia,18257983,49,3,447.31,29283,0.998,10162,35,21,2,2,65,24,0
Cybersecurity,Pre-Seed,India,136322,82,8,92.54,241362,1.116,29272,78,7,5,9,59,11,0
Gaming,Series A,Australia,9073877,61,7,106.92,621204,4.687,35488,-2,21,4,6,67,30,1
HealthTech,Series A,Israel,11033651,142,5,135.9,89552,1.859,43341,36,18,9,1,107,11,0
HealthTech,Pre-Seed,Brazil,277684,2,10,152.47,48233,3.535,11338,64,24,3,3,54,1,0
FinTech,Series B,Germany,31578740,66,3,257.48,531410,2.984,22296,12,2,5,7,101,12,1
BioTech,Pre-Seed,France,309427,34,5,356.87,294839,1.285,11675,2,3,9,7,90,4,0
HealthTech,Series A,India,14966115,39,3,463.14,660728,3.199,24070,42,12,6,5,8,25,1
HealthTech,Series A,Israel,6631171,26,10,44.67,183806,3.209,20080,49,20,2,3,9,8,1
E-Commerce,Series A,India,10973155,60,5,477.21,353401,2.881,47139,75,26,1,7,11,15,1
E-Commerce,Pre-Seed,Israel,192003,102,1,460.7,797937,0.318,13936,1,1,1,5,103,30,0
FinTech,Seed,Australia,1282516,128,6,27.47,315758,4.975,10019,46,10,7,6,63,32,1
BioTech,Seed,Australia,2857681,42,10,180.48,11010,1.882,41182,78,15,2,3,82,35,1
AI/ML,Series B,Canada,43021649,58,4,406.67,254300,3.119,1746,59,9,7,6,36,21,1
E-Commerce,Seed,UK,1214261,49,4,305.98,515002,4.406,49681,38,14,1,7,37,31,1
AI/ML,Seed,India,2073908,73,8,389.66,664848,2.001,22768,4,26,4,8,101,27,1
SaaS,Series A,Canada,3024363,57,2,359.66,160933,3.824,8325,-4,9,4,2,22,8,1
E-Commerce,Seed,Germany,894798,66,4,248.64,427341,4.853,44763,18,1,5,2,60,23,0
Gaming,Seed,Canada,2545990,13,2,21.09,789470,1.666,4486,56,5,1,6,89,23,0
BioTech,Seed,USA,1484348,70,1,292.34,674729,1.907,16485,71,13,7,8,62,33,0
FinTech,Series B,Australia,48313589,135,10,24.76,692031,4.509,14328,54,1,2,5,108,13,1
SaaS,Seed,USA,1885049,90,13,302.06,74512,0.63,19112,53,9,2,1,56,35,0
BioTech,Seed,India,2598772,26,13,400.31,108026,-0.051,44001,18,16,8,1,37,16,0
Gaming,Pre-Seed,France,374368,2,3,292.7,85656,4.526,32280,3,7,9,9,49,12,0
BioTech,Pre-Seed,France,499871,132,12,498.51,751119,4.072,26576,17,25,6,4,48,31,1
Gaming,Pre-Seed,Germany,145419,50,8,228.21,369830,4.857,42528,67,15,1,1,89,5,1
Gaming,Pre-Seed,Canada,218606,148,6,374.54,185210,0.103,15702,76,13,1,8,6,25,1
AI/ML,Seed,France,2045288,61,12,333.77,194492,0.612,21320,60,9,7,2,12,21,0
Cybersecurity,Series A,Israel,11182320,3,7,495.72,287633,0.348,18437,36,12,8,2,109,3,0
SaaS,Seed,Israel,2777476,74,2,356.75,69789,3.354,193,23,0,3,1,77,10,0
BioTech,Series A,Germany,4595123,146,6,82.43,604213,2.951,25317,15,9,9,1,42,23,0
EdTech,Series C,Brazil,79380783,111,14,477.78,321847,1.669,28482,78,29,4,9,57,17,1
SaaS,Series A,Australia,13387693,62,8,334.05,490702,0.099,19343,49,21,4,1,75,35,0
Cybersecurity,Series A,Canada,12337741,18,8,30.14,86625,3.126,29144,59,11,3,6,42,25,1
SaaS,Seed,India,2489690,50,4,328.96,785806,2.765,11612,24,29,8,7,78,2,0
HealthTech,Seed,Singapore,950400,77,6,441.62,723588,0.387,19307,71,16,9,4,83,27,0
EdTech,Pre-Seed,Singapore,71602,149,14,288.73,531564,4.526,19623,75,23,1,5,98,9,1
Cybersecurity,Seed,Singapore,1166470,132,5,177.33,537339,0.835,20249,5,13,2,4,25,4,0
AI/ML,Series B,France,44235129,44,9,410.54,179162,3.666,8229,-10,4,1,4,17,26,1
BioTech,Series A,Brazil,9130158,58,8,391.36,563093,4.402,26274,31,18,4,1,117,32,0
CleanTech,Pre-Seed,Brazil,392962,51,2,272.32,629266,2.813,37334,4,4,7,6,94,29,0
Cybersecurity,Seed,Canada,2329074,38,12,77.6,405771,1.084,6595,10,14,7,7,118,22,1
FinTech,Series A,Canada,9993018,47,13,125.87,584529,1.408,28602,64,12,6,7,104,13,1
BioTech,Pre-Seed,Brazil,221236,16,7,369.37,137838,4.406,38377,24,16,5,8,7,23,1
Cybersecurity,Seed,Germany,589743,81,7,403.14,600282,1.351,37876,46,0,4,7,42,31,0
HealthTech,Series B,Canada,39203403,140,11,139.99,386149,3.68,34551,55,27,8,6,20,31,1
CleanTech,Seed,Germany,2455206,149,14,184.31,670081,4.949,42926,19,13,7,8,119,15,1
HealthTech,Pre-Seed,USA,468061,25,14,39.28,252941,4.999,24678,25,3,1,3,23,14,1
CleanTech,Seed,Israel,1638422,126,12,356.87,577255,2.574,22214,33,24,6,9,81,35,1
FinTech,Series B,Australia,15758795,119,1,2.29,765584,4.098,38599,20,29,2,3,5,24,0
BioTech,Seed,Canada,1314468,81,1,23.75,350907,4.949,32809,68,8,4,4,48,30,0
AI/ML,Pre-Seed,Brazil,241824,95,12,2.67,606122,1.748,43954,60,16,5,6,92,30,0
HealthTech,Seed,Israel,739647,66,4,322.84,383167,1.113,27794,17,2,8,8,81,27,1
HealthTech,Seed,Israel,1879401,89,5,208.98,652059,0.394,22593,79,12,6,3,111,14,0
Gaming,Seed,UK,789962,89,4,149.12,85842,0.533,28864,15,11,2,6,55,11,0
CleanTech,Series A,Brazil,7514153,146,7,456.39,12589,4.238,44329,62,15,5,5,22,26,1
E-Commerce,Pre-Seed,Australia,70104,127,3,96.8,397167,2.861,42636,23,3,5,5,61,21,0
BioTech,Series B,Brazil,27186528,90,7,194.99,440294,4.343,3689,36,17,6,5,23,9,0
CleanTech,Pre-Seed,Canada,381747,62,13,470.19,241617,3.905,40363,45,22,1,9,92,1,1
Gaming,Seed,India,2300200,16,8,213.84,64918,3.303,14687,60,2,8,7,107,6,1
SaaS,Pre-Seed,USA,344461,95,6,277.57,17711,2.968,20381,9,16,3,9,89,1,1
CleanTech,Seed,Germany,924632,52,6,40.63,227972,0.051,33093,-11,0,5,9,115,22,0
AI/ML,Seed,India,2072732,28,8,395.19,331574,4.336,23589,78,18,7,6,53,13,1
BioTech,Seed,USA,2440593,75,8,211.67,728687,1.973,1120,40,21,3,6,27,31,1
Gaming,Pre-Seed,India,202472,62,7,400.36,240314,2.711,16491,42,3,6,4,70,15,0
SaaS,Seed,Germany,1858990,32,6,127.27,760506,-0.086,43638,15,16,5,8,118,2,0
EdTech,Pre-Seed,France,253141,13,6,211.53,538258,4.668,39062,33,6,7,2,12,31,0
Gaming,Series A,Brazil,5740855,47,10,393.38,268989,4.494,5193,76,1,3,5,88,26,1
EdTech,Series B,India,16380188,33,11,486.95,341679,2.625,23608,44,11,2,1,69,2,1
BioTech,Seed,Canada,1837218,62,13,30.28,131315,2.802,15213,61,4,4,2,85,11,0
HealthTech,Seed,Australia,2169745,47,13,406.32,384255,3.466,48379,-17,15,3,1,97,33,1
Gaming,Seed,Singapore,1962333,86,6,150.69,313874,1.176,14230,34,7,4,6,11,18,0
FinTech,Pre-Seed,Canada,95929,81,8,275.6,485384,0.954,18423,33,22,7,2,31,21,0
EdTech,Seed,Germany,623199,136,1,145.4,678745,3.305,17187,70,26,5,4,39,31,0
AI/ML,Series A,Australia,8531052,5,5,306.92,133252,0.343,10040,68,27,4,5,112,26,0
FinTech,Seed,Canada,2626697,53,3,177.22,147022,2.161,766,43,7,6,7,73,30,0
Cybersecurity,Pre-Seed,Israel,129569,113,12,167.14,766590,2.362,29949,71,12,7,1,119,21,0
Cybersecurity,Series A,Brazil,13517433,37,8,19.45,214583,1.783,46464,1,25,5,5,40,16,1
SaaS,Seed,Australia,924190,55,11,73.91,692121,0.763,3527,4,13,7,4,90,7,0
HealthTech,Series A,Israel,9743571,120,6,458.58,205507,1.648,11021,60,10,3,7,74,22,1
BioTech,Seed,Canada,1964889,128,14,499.14,73944,1.555,17872,38,5,7,7,100,7,1
Gaming,Seed,USA,1388943,18,2,390.37,475718,2.396,36897,36,15,3,8,61,2,0
E-Commerce,Pre-Seed,UK,405288,76,13,143.76,117437,3.308,11758,33,22,6,4,59,14,1
AI/ML,Pre-Seed,USA,376968,106,7,201.52,136794,4.835,18757,23,24,8,4,92,8,1
EdTech,Series C,Brazil,152783973,118,7,369.88,344267,0.55,25412,31,21,6,5,62,29,1
BioTech,Pre-Seed,Australia,107804,44,13,484.27,295024,4.34,14312,55,24,3,5,30,7,1
FinTech,Series C,Australia,115157827,113,5,228.01,444969,1.278,22119,-5,14,5,3,30,22,0
Cybersecurity,Seed,Brazil,1257600,116,8,414.85,666921,2.875,11804,-5,15,9,5,48,17,0
AI/ML,Pre-Seed,Israel,493443,28,14,487.55,63205,2.643,46545,60,12,8,5,73,16,1
E-Commerce,Pre-Seed,UK,234100,38,5,436.8,116948,2.696,10983,34,11,6,8,69,33,1
Gaming,Pre-Seed,Canada,480599,47,1,113.96,331954,3.561,29999,40,17,9,7,118,35,0
SaaS,Series B,Germany,27350251,114,9,4.51,385233,1.785,30557,74,28,2,8,88,32,1
E-Commerce,Seed,USA,2604417,36,4,246.29,598770,1.459,39758,58,17,9,5,57,3,0
AI/ML,Seed,USA,1309195,133,13,265.91,341336,4.235,28788,56,13,6,2,40,3,1
E-Commerce,Seed,Singapore,1755300,81,2,101.02,621442,0.944,31950,19,1,9,8,119,8,0
AI/ML,Pre-Seed,UK,65733,81,4,142.69,620354,0.737,3983,70,21,4,9,112,31,0
AI/ML,Seed,Germany,1398628,122,14,382.69,228480,-0.119,3768,0,1,5,2,110,9,0
CleanTech,Pre-Seed,USA,141038,148,13,235.44,525985,0.895,1504,45,2,2,1,20,5,0
EdTech,Series A,Germany,5396716,123,9,159.02,693690,2.496,2450,-13,28,3,6,78,28,1
Cybersecurity,Seed,Canada,2587560,82,2,311.5,419355,2.6,11236,50,23,1,3,97,15,0
CleanTech,Seed,Australia,1526281,120,4,326.55,138514,1.123,8002,-11,7,4,1,65,27,0
Gaming,Seed,Germany,1569634,59,2,384.81,14983,0.176,9891,36,10,2,6,105,31,0
CleanTech,Seed,USA,2843453,64,5,78.78,705269,3.672,38787,-17,11,2,8,7,18,1
HealthTech,Series C,Israel,160397553,101,3,370.89,205552,3.741,13898,22,3,1,9,46,4,1
HealthTech,Seed,UK,1501675,67,10,299.91,321173,4.989,10472,79,8,2,6,107,21,1
Cybersecurity,Pre-Seed,Brazil,212434,146,2,29.26,686689,4.48,15264,78,23,4,6,31,23,1
E-Commerce,Seed,India,2157528,86,14,388.83,656956,4.616,17691,42,16,6,1,109,22,1
EdTech,Pre-Seed,France,228428,138,9,191.85,177806,3.951,43487,22,23,7,5,102,1,0
Cybersecurity,Pre-Seed,France,127597,145,5,165.53,739714,3.001,32632,46,15,7,3,16,25,0
AI/ML,Series C,India,178971656,124,10,224.31,217526,0.468,33743,61,16,7,7,60,28,1
FinTech,Series A,Germany,13229657,3,5,173.41,249026,3.036,43016,30,14,4,9,46,11,1
EdTech,Series C,UK,154935809,107,1,169.47,651800,0.091,13002,35,19,5,6,20,22,0
EdTech,Seed,Germany,1124152,109,6,404.13,76786,4.404,46981,22,25,3,5,9,25,1
AI/ML,Seed,Brazil,2745772,73,13,62.69,276902,2.305,43386,3,21,1,7,89,21,1
AI/ML,Pre-Seed,UK,458294,127,7,485.31,374811,3.427,28250,75,6,8,9,99,20,1
SaaS,Pre-Seed,India,448635,58,1,277.69,470915,0.072,43388,13,9,7,5,64,16,0
Cybersecurity,Series A,Germany,7360866,82,9,91.87,642407,2.578,21323,38,28,9,5,47,28,1
AI/ML,Seed,Singapore,2804310,142,8,66.04,372301,1.367,3733,-19,3,4,4,18,29,0
HealthTech,Series A,USA,3976264,20,12,295.96,92673,1.282,41319,-19,23,5,5,66,26,1
Gaming,Series A,Israel,11323880,8,14,316.68,369783,1.826,2223,-11,23,5,7,39,2,1
FinTech,Pre-Seed,Australia,122255,138,14,26.99,162904,-0.197,16868,2,13,7,3,117,10,0
Cybersecurity,Seed,Israel,2101582,55,8,121.88,269111,2.227,34196,-6,13,9,4,27,13,0
BioTech,Series A,Brazil,9531423,105,7,397.83,649157,2.33,2080,55,13,8,9,11,15,1
HealthTech,Pre-Seed,Germany,218913,87,5,25.29,453881,4.288,13776,-4,24,7,2,57,9,0
E-Commerce,Series A,Canada,8185356,83,3,427.62,254944,2.132,695,61,13,1,8,30,27,1
AI/ML,Seed,UK,1238925,62,12,329.25,445078,1.69,32969,-7,21,6,9,11,8,1
BioTech,Pre-Seed,Germany,489876,88,14,217.49,291872,4.973,12049,60,19,9,5,14,6,1
AI/ML,Seed,UK,2965849,3,9,173.54,443073,2.77,15628,58,17,7,7,20,24,1
EdTech,Series C,Australia,52933865,32,14,10.11,431399,2.258,8265,55,14,1,6,93,3,1
HealthTech,Pre-Seed,Singapore,425595,34,7,412.69,491537,2.379,24671,-5,22,9,1,92,26,0
EdTech,Series A,Israel,10587145,81,11,71.79,793842,4.008,12460,11,25,3,8,58,21,1
SaaS,Pre-Seed,USA,312911,12,10,155.12,422156,1.572,3477,2,18,9,9,92,13,0
EdTech,Series A,Australia,11970922,129,10,284.77,659307,1.824,2202,13,26,4,1,76,11,0
SaaS,Series A,Australia,9147454,136,8,123.37,408496,3.731,48310,77,12,9,8,60,8,1
SaaS,Seed,Israel,645693,129,14,248.82,112548,0.18,23874,-5,11,8,3,83,14,0
BioTech,Seed,Australia,2149734,32,6,404.77,405380,4.299,47392,13,18,7,6,53,33,0
AI/ML,Series A,Canada,12299397,127,12,235.53,393433,2.037,41217,50,18,4,8,34,2,1
E-Commerce,Seed,Canada,1385621,48,14,474.51,495940,2.823,11850,12,19,9,5,90,1,1
EdTech,Series A,France,3561548,108,11,423.83,778813,3.739,39085,47,1,4,8,109,11,1
HealthTech,Pre-Seed,France,485714,20,14,166.85,401212,1.183,20809,22,28,1,7,50,6,1
SaaS,Series B,Canada,39840217,82,5,200.28,351768,4.43,5350,43,28,6,7,10,32,1
AI/ML,Series A,India,12093432,124,8,211.95,683765,4.892,2806,50,20,4,7,32,15,1
FinTech,Series B,Singapore,30276157,135,3,313.28,537109,2.37,7163,-3,2,3,9,28,12,1
Cybersecurity,Pre-Seed,UK,245991,108,12,143.75,327234,4.672,28832,47,9,5,6,26,29,1
BioTech,Seed,Singapore,2332500,50,13,484.64,425732,-0.194,185,40,4,3,6,29,22,1
E-Commerce,Seed,Brazil,685541,74,13,304.54,183602,4.45,40838,54,11,9,9,81,14,1
CleanTech,Seed,Australia,2614346,51,7,200.0,114273,1.417,24718,-1,28,6,6,94,19,1
BioTech,Seed,USA,2203728,82,2,322.68,266196,1.42,11545,-10,6,3,7,77,5,0
FinTech,Pre-Seed,Australia,93723,96,3,198.0,233626,0.986,25215,58,8,5,7,41,35,0
Cybersecurity,Series A,Singapore,6377136,13,13,408.99,220704,1.448,28325,25,1,8,2,68,25,0
FinTech,Seed,Canada,968451,24,12,284.14,246579,0.91,18458,43,24,8,8,53,9,0
EdTech,Pre-Seed,Israel,292113,55,2,21.46,404079,4.511,16006,60,9,6,6,75,7,0
SaaS,Series A,Brazil,14610634,119,5,88.79,550436,4.475,28544,77,5,5,4,52,18,1
E-Commerce,Seed,Canada,1083526,60,7,432.56,96545,0.331,32969,55,11,5,7,47,2,0
Gaming,Pre-Seed,Singapore,309425,4,11,281.67,64459,0.543,11284,7,5,1,8,89,10,1
SaaS,Series C,Israel,176339729,59,10,475.2,748705,4.282,38478,27,26,2,1,35,2,1
Gaming,Series B,USA,30835732,58,11,36.67,338333,1.874,27655,14,2,4,4,21,8,1
Cybersecurity,Seed,Singapore,2565331,146,11,147.98,527255,0.68,29143,-13,29,6,4,15,7,0
AI/ML,Pre-Seed,UK,350589,91,11,97.17,411345,2.455,15698,70,9,7,9,80,35,1
CleanTech,Series A,Germany,13481941,56,10,277.14,101954,1.967,34870,1,28,1,6,98,23,1
HealthTech,Seed,Israel,1130458,46,13,191.71,665803,0.94,9102,3,8,8,4,115,8,1
SaaS,Seed,Singapore,2468093,2,14,79.06,623667,3.548,1571,45,19,1,1,24,21,1
E-Commerce,Seed,Canada,2944913,22,1,321.55,293197,3.083,37893,74,4,9,8,22,33,1
FinTech,Seed,UK,2810634,22,13,268.38,506626,0.318,39465,65,2,4,9,99,1,1
E-Commerce,Seed,India,1295911,53,10,137.73,178276,4.612,21553,43,4,7,5,7,12,1
Cybersecurity,Seed,Israel,1099649,83,9,240.15,707600,2.704,18543,44,7,6,5,86,11,0
Gaming,Seed,UK,2225240,68,1,373.0,242415,1.101,28901,-7,7,9,8,80,30,0
FinTech,Series B,Canada,40594734,114,1,103.03,365893,0.873,14034,4,13,2,8,93,4,0
HealthTech,Seed,Singapore,581171,45,14,146.81,464318,0.507,27120,79,23,7,5,92,34,0
HealthTech,Series A,Australia,13862055,11,12,173.38,149363,2.008,1329,79,21,5,4,34,23,1
SaaS,Series B,USA,33960664,65,10,373.49,773942,0.505,41420,-18,16,7,6,32,32,1
Cybersecurity,Seed,Australia,1689138,70,8,423.54,288429,1.962,25382,-16,10,1,5,93,3,1
AI/ML,Seed,Germany,2749476,69,6,188.51,333733,0.574,3699,44,25,9,8,28,28,0
Cybersecurity,Seed,UK,2838687,29,6,148.66,23944,3.215,38795,33,15,1,9,84,4,1
Gaming,Seed,Germany,1880679,117,12,444.78,635329,3.883,10667,-2,27,5,1,111,12,1
E-Commerce,Series A,USA,12840850,52,9,499.68,588679,2.658,37591,76,5,8,9,89,24,1
HealthTech,Seed,UK,1283258,5,4,335.34,11607,3.336,42115,33,27,1,9,110,33,1
E-Commerce,Series C,France,135783079,80,8,495.0,270314,4.68,23459,73,10,7,6,113,3,1
E-Commerce,Pre-Seed,Canada,221999,18,4,330.15,12953,3.12,49649,55,9,2,5,90,4,0
E-Commerce,Pre-Seed,UK,281449,109,14,366.86,579229,1.694,6959,-11,22,7,7,6,30,1
HealthTech,Seed,Canada,1860573,75,2,194.63,736829,2.137,29581,77,29,7,8,107,6,0
BioTech,Pre-Seed,Australia,81826,24,11,216.77,516741,4.275,46384,-5,8,9,9,69,30,1
EdTech,Pre-Seed,Brazil,355023,19,8,72.5,735578,0.48,6210,25,27,6,9,45,8,1
Gaming,Seed,Israel,2261201,130,12,411.46,283298,1.494,12517,8,23,4,3,32,18,1
BioTech,Pre-Seed,Brazil,122361,36,7,465.56,674407,2.802,12620,-6,26,7,8,113,16,1
Gaming,Pre-Seed,Singapore,290028,65,4,311.91,622817,3.317,36744,27,27,7,1,18,6,0
FinTech,Series C,Israel,181289256,60,9,172.15,216946,3.77,22804,-10,23,4,7,73,24,1
Cybersecurity,Pre-Seed,Israel,90736,2,9,77.43,548611,1.455,30568,13,14,2,5,41,28,0
Cybersecurity,Series A,India,8529554,132,8,132.95,309837,0.558,17991,15,6,9,2,88,32,0
CleanTech,Series A,Israel,10518162,68,14,128.08,724090,4.765,8912,9,17,8,2,43,25,1
Cybersecurity,Series B,USA,30310432,38,1,306.96,271092,0.197,32527,78,0,5,8,33,28,0
HealthTech,Pre-Seed,Brazil,386399,30,7,472.55,361314,0.298,30863,52,14,5,5,51,21,0
AI/ML,Series B,Australia,17757398,90,5,24.61,429508,2.374,44827,61,1,1,3,15,8,0
SaaS,Seed,Canada,888742,101,7,1.01,507303,4.06,33458,-2,21,9,1,107,9,0
CleanTech,Seed,Singapore,2821945,123,12,300.29,579399,3.827,20407,47,28,8,7,43,21,1
SaaS,Seed,Israel,1142911,91,9,142.39,478897,4.676,12344,49,1,5,3,118,1,0
Gaming,Series A,Singapore,3676935,133,2,440.33,236325,0.536,36205,12,9,6,7,95,4,0
SaaS,Seed,Australia,2185124,15,13,163.96,311635,1.754,2355,75,19,8,2,30,10,1
SaaS,Series A,Singapore,14511913,132,14,145.22,583624,1.267,30893,59,14,6,4,110,26,1
CleanTech,Seed,Australia,932859,86,11,135.12,26905,4.277,749,54,9,4,2,66,3,1
FinTech,Series A,Israel,10793604,22,4,72.85,40273,2.339,19435,1,18,3,4,119,9,0
E-Commerce,Series C,Australia,117509936,27,4,290.97,135191,-0.06,45733,15,21,7,5,21,32,0
Cybersecurity,Pre-Seed,Israel,481385,42,2,84.52,388080,3.481,45615,2,27,2,8,89,3,1
Cybersecurity,Series C,India,85650069,123,3,212.6,167306,1.821,38526,42,27,7,2,113,4,0
HealthTech,Pre-Seed,India,216862,39,11,230.76,219957,2.562,18088,5,12,1,3,116,6,1
CleanTech,Pre-Seed,Australia,343132,89,14,10.74,76538,4.448,44405,39,29,5,5,74,9,1
HealthTech,Pre-Seed,India,388592,12,14,8.9,114570,1.135,38842,74,23,9,9,27,26,1
AI/ML,Seed,Canada,1456010,30,13,260.35,697933,1.049,46146,72,10,1,5,40,2,1
AI/ML,Seed,Canada,1243264,61,8,348.17,272025,1.169,24403,-16,21,8,9,104,2,1
HealthTech,Pre-Seed,India,455521,62,12,471.1,393276,1.558,47297,33,1,9,4,101,21,0
CleanTech,Pre-Seed,India,191041,148,9,89.97,205392,0.358,38042,17,20,9,5,92,22,0
HealthTech,Series B,France,22742237,23,6,52.08,138993,3.426,46775,41,26,8,9,5,3,1
Cybersecurity,Series A,France,9749977,79,10,26.52,233112,0.878,39177,4,12,4,4,4,35,1
BioTech,Series A,Israel,3419503,114,2,218.3,221588,4.616,39056,77,21,7,5,7,33,0
EdTech,Series B,Australia,21488000,124,2,311.76,706713,0.922,22713,-9,24,1,5,63,15,0
SaaS,Series A,Germany,10586544,143,7,420.36,157083,1.129,885,1,21,7,4,22,11,0
EdTech,Pre-Seed,Germany,290037,45,8,341.48,93537,1.345,33632,-12,25,6,4,78,10,0
CleanTech,Seed,India,658253,145,8,104.58,595273,3.796,39685,63,20,5,5,40,14,1
EdTech,Series A,Singapore,12058353,98,14,231.15,551332,2.024,11686,8,0,1,6,82,2,1
AI/ML,Pre-Seed,India,394741,78,6,455.22,441508,4.061,3054,23,25,8,7,103,29,1
Gaming,Series A,France,6211369,141,10,163.71,656592,3.881,8977,72,4,1,6,104,35,1
SaaS,Pre-Seed,Israel,356391,56,8,249.62,146322,4.633,25032,6,20,1,1,38,20,1
E-Commerce,Seed,India,2159537,52,14,479.3,268116,3.734,48967,34,21,3,2,48,21,1
CleanTech,Seed,Brazil,1779898,103,1,367.49,43087,0.07,8536,60,6,8,7,95,34,0
SaaS,Seed,Singapore,2864840,30,9,374.0,85952,4.154,15070,-16,12,8,3,101,33,1
EdTech,Seed,Brazil,1271143,70,13,126.54,756055,4.678,16937,31,12,7,2,115,19,1
AI/ML,Series A,Israel,9697947,81,12,207.64,46368,4.967,21500,-8,19,5,6,39,8,1
FinTech,Pre-Seed,Israel,286361,32,1,41.63,654936,0.451,40451,21,22,8,4,56,31,0
BioTech,Pre-Seed,Canada,113248,113,13,303.46,100693,2.989,49939,-6,20,2,5,23,11,1
E-Commerce,Series B,UK,16461433,47,3,52.31,464256,0.837,10011,58,5,8,6,23,8,0
BioTech,Series A,Brazil,6348549,98,12,418.04,593188,1.165,48039,-3,19,2,3,94,25,1
SaaS,Pre-Seed,Canada,305949,53,9,407.37,388630,3.677,8896,29,11,5,1,72,20,1
AI/ML,Series A,France,12714933,139,11,267.04,710526,4.884,29799,-19,7,4,3,86,7,1
AI/ML,Pre-Seed,USA,100713,75,5,71.01,232182,2.893,14582,66,8,1,3,62,13,0
EdTech,Seed,Singapore,1886123,42,9,13.28,166405,4.223,39958,-8,17,5,6,38,10,0
Cybersecurity,Pre-Seed,USA,370610,78,9,398.46,632087,-0.154,41912,47,27,7,4,79,8,0
EdTech,Series A,Australia,4576845,132,6,300.27,141016,-0.01,814,26,10,1,7,106,20,0
Cybersecurity,Series A,France,3988722,115,11,355.61,239147,2.903,9740,68,19,2,2,13,17,1
Cybersecurity,Pre-Seed,France,427775,53,1,152.25,622545,1.823,24719,54,10,9,4,90,11,0
E-Commerce,Series B,USA,18527110,88,10,254.99,58070,4.427,35545,29,23,5,8,85,16,1
EdTech,Seed,Brazil,595335,110,7,373.71,410337,1.37,20150,-9,23,7,6,89,32,1
FinTech,Pre-Seed,UK,157441,142,14,231.55,680037,2.047,4958,-8,14,2,3,33,26,1
HealthTech,Pre-Seed,Brazil,66984,70,6,300.89,721921,2.545,3825,-12,8,7,2,103,9,0
HealthTech,Pre-Seed,USA,175580,121,9,394.97,485125,1.22,14800,38,2,7,3,39,35,0
EdTech,Pre-Seed,Australia,423460,68,7,108.0,47664,4.524,9999,24,16,7,1,62,3,0
EdTech,Seed,Brazil,591656,62,14,33.43,518034,2.216,20854,49,24,5,1,63,31,1
BioTech,Series A,Germany,5162766,72,12,266.15,797725,2.006,45732,22,16,9,2,69,7,1
E-Commerce,Seed,Brazil,2764115,31,11,31.53,508477,4.219,27315,53,2,2,3,100,2,1
EdTech,Pre-Seed,Israel,403153,147,12,383.4,321356,1.422,39540,2,18,4,9,31,25,1
BioTech,Pre-Seed,Canada,483048,97,13,359.75,85276,4.051,9481,58,8,2,8,69,12,1
Cybersecurity,Pre-Seed,Singapore,357980,57,4,440.92,75231,0.436,48505,24,16,8,9,81,30,0
AI/ML,Seed,Brazil,2479442,54,7,319.96,642565,0.751,17246,2,22,1,7,73,30,1
AI/ML,Series A,UK,7101153,8,2,34.07,180116,4.744,22601,13,17,9,7,69,29,0
Cybersecurity,Pre-Seed,UK,308789,98,6,126.95,293891,4.181,10677,-5,22,5,5,113,11,0
CleanTech,Series A,Brazil,12370622,114,6,404.06,771816,1.817,29552,42,14,3,7,109,23,1
BioTech,Series B,India,15862839,126,2,83.98,476725,3.12,22322,30,0,4,4,18,17,0
BioTech,Seed,France,2182245,133,14,349.39,433345,4.703,2355,11,28,1,5,47,13,1
Cybersecurity,Series A,Brazil,4064367,122,4,390.24,272181,0.902,9157,17,25,3,1,36,33,0
FinTech,Seed,France,1606623,39,8,165.39,107847,0.107,35163,35,9,8,4,86,1,0
Gaming,Seed,Germany,734898,123,8,161.49,638030,2.595,25914,48,7,2,3,46,13,0
SaaS,Seed,USA,961122,27,13,279.12,787725,0.542,33292,-4,9,2,2,119,3,0
Cybersecurity,Seed,Germany,1175025,130,8,430.71,58503,0.774,561,65,28,9,2,105,16,0
EdTech,Pre-Seed,Brazil,120246,5,8,112.34,512376,4.436,8167,18,25,5,8,99,7,1
EdTech,Seed,UK,1783531,40,1,470.66,305385,-0.162,16184,20,1,5,1,80,3,0
E-Commerce,Pre-Seed,India,398292,55,2,299.76,368315,4.047,24497,27,18,1,8,44,14,1
Cybersecurity,Seed,Australia,1948586,34,12,496.07,680194,2.488,23800,61,13,6,9,37,16,1
E-Commerce,Pre-Seed,France,82888,21,4,45.26,484329,2.708,37432,7,7,8,6,77,4,0
Cybersecurity,Series B,Canada,32584256,17,12,63.72,269966,3.293,1205,56,18,6,1,86,31,1
BioTech,Series A,France,9634586,128,9,413.41,692550,2.044,12039,29,0,7,7,32,13,1
SaaS,Seed,Israel,1537886,88,3,432.45,82832,0.401,45161,-20,15,4,5,55,27,0
BioTech,Pre-Seed,Singapore,396140,83,14,223.01,293527,0.335,35006,29,24,2,9,60,1,1
Gaming,Series B,Brazil,22920337,63,6,357.18,776334,3.723,17544,-2,23,1,7,30,25,1
AI/ML,Series A,Germany,5154828,32,7,433.84,396435,0.949,12987,77,14,6,5,17,11,0
HealthTech,Series A,Canada,8778728,43,8,22.04,773389,-0.054,5239,38,19,9,2,40,9,0
Cybersecurity,Pre-Seed,UK,497617,13,13,287.19,799106,4.894,44785,47,23,5,4,52,7,1
Gaming,Seed,UK,1599044,66,7,426.81,386244,4.898,23358,46,29,2,2,15,14,1
AI/ML,Pre-Seed,UK,213535,74,3,199.38,381513,1.766,49223,20,4,1,9,113,30,0
CleanTech,Pre-Seed,Australia,474879,132,6,151.54,557108,-0.067,17138,-11,2,3,2,37,24,0
SaaS,Series A,Israel,11371223,116,5,397.96,750400,3.582,22984,7,16,4,2,113,3,1
E-Commerce,Series A,UK,14471970,138,13,168.23,428882,4.121,28428,13,28,7,2,26,27,1
E-Commerce,Seed,UK,951989,107,12,2.09,53794,0.45,9096,18,9,9,1,67,1,0
BioTech,Series B,Brazil,30724345,17,10,479.81,138544,0.504,47582,62,4,8,9,108,26,1
EdTech,Seed,Israel,1217997,79,4,296.27,47555,4.076,24536,35,10,9,8,90,6,0
AI/ML,Seed,India,2644751,126,1,409.85,720568,4.594,46059,31,5,7,2,93,12,0
CleanTech,Seed,India,648469,132,14,412.74,464788,3.912,2621,79,3,8,2,20,35,1
Gaming,Series B,Israel,35947771,142,13,33.67,50262,0.844,35958,-18,6,8,5,60,10,0
SaaS,Pre-Seed,Singapore,95406,131,7,85.84,752021,1.94,3948,2,18,1,4,28,9,0
AI/ML,Series B,Australia,28699048,113,8,155.9,426432,2.924,1287,-4,6,9,2,31,23,1
CleanTech,Series A,Canada,3516394,128,2,160.69,471333,0.634,23902,50,13,2,8,74,30,0
HealthTech,Pre-Seed,France,154143,22,7,329.56,746496,0.895,47358,5,16,7,8,46,22,1
Cybersecurity,Seed,Brazil,2590825,148,6,311.75,302428,1.271,21164,-3,22,5,4,92,9,0
E-Commerce,Series B,USA,26092722,90,5,247.55,685531,2.449,15668,25,16,4,4,7,19,1
Gaming,Seed,India,1798071,48,13,106.03,433751,2.456,1772,49,12,1,9,35,8,1
E-Commerce,Series B,Israel,45459094,86,4,191.3,99023,4.034,32238,10,26,1,4,106,4,0
Gaming,Series B,Canada,22249127,129,2,272.03,217012,3.716,38968,72,0,3,9,7,5,1
BioTech,Seed,Israel,1032249,73,10,234.26,174772,4.551,15762,-12,1,1,3,115,19,1
EdTech,Seed,France,2590178,43,6,64.08,486799,4.131,35906,14,17,8,2,113,18,1
Gaming,Series B,Canada,47845567,10,5,324.93,51516,1.12,7213,60,3,3,8,38,29,1
E-Commerce,Series A,India,4129775,26,2,36.99,287721,1.523,14941,39,12,2,3,79,19,0
BioTech,Pre-Seed,UK,310928,3,10,189.41,265623,2.402,30345,55,0,6,2,83,6,0
Gaming,Pre-Seed,Israel,149764,20,7,355.16,549303,-0.126,35184,42,3,4,8,15,5,0
HealthTech,Seed,USA,2547298,21,6,10.5,101104,4.5,15964,79,1,4,8,27,5,0
EdTech,Series B,India,49725365,71,12,285.21,386556,0.031,26855,31,3,2,5,60,8,1
Gaming,Series A,Germany,4391449,18,11,167.59,363884,1.477,17968,27,15,2,9,4,27,1
BioTech,Series A,USA,5518929,125,9,4.91,762644,2.76,1046,40,3,6,6,90,18,0
AI/ML,Pre-Seed,Singapore,362712,90,11,95.6,424452,2.493,14909,3,24,5,5,38,26,1
FinTech,Pre-Seed,Australia,421493,95,10,470.5,338784,3.203,13578,53,8,9,3,27,16,1
CleanTech,Series B,India,32636950,85,5,260.81,617478,2.543,23368,37,16,4,7,36,22,1
FinTech,Pre-Seed,UK,144968,132,9,498.61,139516,0.991,28599,43,20,5,9,14,23,1
FinTech,Pre-Seed,India,210576,88,9,262.65,183441,0.846,5719,9,22,1,4,21,3,0
SaaS,Pre-Seed,France,428260,52,13,272.2,669006,4.518,15960,8,19,2,7,116,3,1
HealthTech,Series A,Canada,4872154,83,1,196.23,97007,1.173,23606,-11,27,3,3,108,12,0
AI/ML,Series B,Israel,15913605,9,5,155.37,691266,1.261,48366,18,20,5,2,96,23,0
Cybersecurity,Pre-Seed,Canada,438086,122,9,126.15,752003,1.947,15624,34,1,5,1,39,11,0
Gaming,Seed,Canada,2010399,5,7,172.04,57728,0.525,39179,7,2,4,6,109,29,0
CleanTech,Seed,India,516939,87,6,230.2,519958,2.438,40842,-3,22,3,5,3,6,0
EdTech,Series C,France,128038555,129,6,96.4,19145,3.258,10352,20,25,9,2,62,16,0
AI/ML,Pre-Seed,Israel,356604,111,11,112.83,622866,3.887,30885,60,28,1,3,69,34,1
E-Commerce,Seed,Israel,2532656,100,7,136.14,28226,3.5,15003,54,14,6,9,51,11,0
Cybersecurity,Seed,Canada,2796446,38,1,224.91,274946,0.568,9223,44,6,7,3,92,11,0
SaaS,Series B,Singapore,22221626,72,4,326.58,558407,2.172,31433,60,3,4,7,81,25,0
SaaS,Seed,Australia,2659271,34,13,428.15,73560,0.001,12718,79,11,3,1,48,19,1
AI/ML,Pre-Seed,France,216393,32,1,143.92,67353,-0.107,1315,79,0,8,7,113,32,0
BioTech,Seed,Singapore,1958251,126,6,92.27,255741,2.089,21553,25,16,9,9,50,8,0
FinTech,Series A,Brazil,8198054,13,14,189.73,758081,1.115,24682,39,3,1,8,94,12,1
E-Commerce,Pre-Seed,Brazil,268827,12,13,447.24,395145,3.353,19464,-12,3,9,7,70,35,1
SaaS,Series B,USA,42413661,89,4,5.43,465342,3.566,41704,24,21,7,8,21,6,1
CleanTech,Pre-Seed,Canada,158612,73,1,339.1,605929,4.456,31419,39,22,1,4,90,21,0
SaaS,Seed,Israel,877224,33,9,238.84,61712,3.756,13767,7,24,7,2,42,26,1
EdTech,Seed,India,2418036,58,12,80.94,455405,0.051,6466,76,8,5,9,8,1,1
Gaming,Series A,Israel,7453722,87,4,160.85,664373,1.732,31028,-18,25,7,3,82,17,0
SaaS,Seed,Israel,2626832,20,12,112.86,340429,1.22,47953,30,27,9,4,98,35,0
EdTech,Series B,UK,23623041,117,6,438.98,125278,1.808,37858,-13,27,8,7,96,27,1
AI/ML,Series A,Israel,13414807,15,13,241.2,519272,0.632,4240,49,20,6,2,65,2,1
AI/ML,Seed,USA,864446,34,7,281.77,708309,0.308,31459,38,9,2,8,37,1,0
Cybersecurity,Series A,Singapore,9759072,11,8,297.05,175201,2.509,25396,40,26,8,8,74,10,1
SaaS,Series A,Brazil,3448934,81,12,319.99,636365,3.546,16795,37,18,4,5,63,31,1
CleanTech,Pre-Seed,Israel,86445,65,13,248.03,744391,3.45,24689,49,18,8,9,7,5,1
SaaS,Seed,Israel,1547725,69,11,9.43,466770,2.145,14910,72,14,7,8,39,13,1
CleanTech,Series B,UK,20772964,93,9,167.69,274208,2.516,2446,-9,21,4,1,78,24,0
HealthTech,Pre-Seed,France,359362,126,9,92.34,629902,2.485,3346,-12,16,8,9,91,27,0
Cybersecurity,Series A,India,8644219,81,8,340.23,192639,3.396,45179,28,6,2,5,99,1,1
HealthTech,Series C,France,61296266,60,10,28.82,127639,0.049,49237,62,2,9,9,105,20,1
SaaS,Pre-Seed,India,428232,98,11,282.12,302155,3.491,40517,-4,4,6,9,90,8,1
Cybersecurity,Series A,Australia,12860225,20,12,105.71,343296,2.827,4142,33,15,7,3,13,3,1
HealthTech,Seed,Israel,1323271,23,12,474.45,738871,0.83,16070,23,22,1,8,108,32,1
FinTech,Seed,UK,2442120,10,14,168.1,20960,0.055,46955,11,6,3,7,101,25,1
SaaS,Pre-Seed,Germany,439658,10,3,162.95,496744,0.364,7087,14,15,5,7,42,25,0
HealthTech,Pre-Seed,Canada,118322,28,12,461.73,131789,2.528,23752,57,8,7,2,67,14,1
FinTech,Series A,Brazil,14328513,18,2,208.97,331064,3.744,15635,28,0,1,2,10,27,0
FinTech,Series A,Singapore,11094566,46,5,481.45,418540,1.54,22218,33,2,9,2,89,32,0
AI/ML,Series A,Brazil,10311460,9,1,12.57,598248,1.771,31873,-5,24,5,2,86,27,0
SaaS,Seed,Singapore,2182964,147,3,153.52,132994,4.658,48575,64,7,3,4,98,4,0
FinTech,Pre-Seed,Australia,469204,126,1,333.26,304772,0.908,42965,-9,17,7,7,13,11,0
AI/ML,Series A,France,3821939,124,13,445.48,740456,0.339,45039,67,23,8,2,73,3,0
HealthTech,Pre-Seed,USA,149244,34,3,128.57,473675,1.586,49955,77,23,3,5,60,25,0
EdTech,Series B,Israel,42650908,2,13,465.27,704595,3.679,14724,-13,17,7,7,96,24,1
SaaS,Series A,Germany,14891731,7,4,297.26,359005,3.056,31351,0,23,7,9,50,9,0
Cybersecurity,Series A,Singapore,10470396,42,7,400.6,37949,1.962,31433,27,18,4,8,105,8,1
CleanTech,Series B,Canada,17500120,6,12,198.91,163893,4.817,9261,-13,6,9,9,15,31,1
CleanTech,Pre-Seed,Singapore,250065,81,12,106.48,212684,3.622,13479,7,28,1,7,108,17,1
HealthTech,Series A,USA,6932613,19,5,455.66,345681,0.122,15804,59,24,1,3,62,31,0
BioTech,Seed,Brazil,1361864,83,5,466.6,418519,3.672,27245,-11,19,5,1,51,4,0
BioTech,Series B,UK,43923202,66,13,249.04,388147,-0.075,45101,31,26,3,7,69,4,1
HealthTech,Pre-Seed,Brazil,323120,84,1,3.74,223065,3.182,12827,-6,5,9,6,9,8,0
FinTech,Series A,Australia,8881344,137,8,55.34,792086,0.895,42368,-17,24,5,2,109,6,0
SaaS,Series B,UK,17196274,132,13,286.73,415519,3.421,44700,69,26,7,1,79,9,1
CleanTech,Pre-Seed,Brazil,382548,26,4,12.38,584989,1.411,49416,58,10,1,4,103,8,0
CleanTech,Seed,Canada,1892652,70,10,198.76,90664,4.34,12040,79,4,2,4,27,32,1
FinTech,Series A,Brazil,12010066,83,5,152.03,421496,1.552,19477,75,11,4,6,25,15,1
CleanTech,Seed,Canada,2031439,118,2,357.32,49427,3.022,16127,41,0,9,5,53,18,0
Cybersecurity,Pre-Seed,Canada,476904,96,12,28.26,107180,1.287,21182,-17,18,5,9,49,23,1
SaaS,Pre-Seed,UK,267912,34,13,244.62,637838,4.57,26049,20,10,5,8,99,5,1
Gaming,Pre-Seed,France,298178,112,1,289.77,87952,3.861,24527,52,14,9,9,7,27,0
CleanTech,Series B,India,25462498,147,9,308.84,76046,1.065,12473,78,24,8,7,98,33,1
HealthTech,Seed,Israel,1656300,126,2,202.88,116918,4.734,16709,34,15,2,9,96,2,1
Cybersecurity,Pre-Seed,Singapore,448008,17,6,152.53,339586,1.657,33974,7,2,7,3,97,28,0
CleanTech,Seed,India,1823957,81,1,341.41,464887,3.19,42464,26,10,1,9,15,24,1
Cybersecurity,Seed,USA,2386594,39,1,423.86,625358,3.663,13714,-12,10,9,2,44,21,0
AI/ML,Pre-Seed,France,331396,136,9,346.96,592456,-0.081,34208,-19,9,3,9,7,31,0
Gaming,Seed,India,2560356,79,4,466.09,80246,4.787,31945,46,1,2,6,25,11,1
E-Commerce,Seed,UK,2844693,64,9,358.77,704252,1.591,21568,27,19,4,4,64,28,0
HealthTech,Seed,USA,1531328,113,11,382.43,549871,0.787,9147,48,4,4,2,3,4,0
HealthTech,Series A,Germany,8802199,90,5,84.37,354864,4.224,16267,53,22,3,3,76,16,1
SaaS,Pre-Seed,France,224001,39,7,210.06,458431,3.455,41514,7,22,2,5,116,12,1
Cybersecurity,Seed,India,1876467,145,1,242.79,690213,0.251,31452,58,24,5,9,93,22,1
FinTech,Seed,USA,1999643,53,6,128.52,409325,0.409,5136,-7,28,4,7,56,35,1
HealthTech,Seed,Germany,2914607,30,8,264.51,249285,3.519,32579,25,7,5,3,74,16,1
Cybersecurity,Series A,Brazil,3065867,145,14,145.75,331901,0.189,31516,66,12,8,4,118,24,0
Cybersecurity,Seed,USA,588780,77,1,343.91,273382,4.569,11446,-8,14,2,2,5,35,0
EdTech,Series B,UK,17695145,146,9,235.41,655558,3.656,45099,-5,1,9,8,85,28,1
EdTech,Series A,Brazil,5941478,65,3,229.67,25064,1.545,24524,73,11,1,6,66,29,1
E-Commerce,Seed,UK,1374072,92,1,491.83,172187,1.687,13188,19,23,8,3,53,21,0
AI/ML,Series A,India,9792109,90,1,196.53,697312,2.434,38587,51,7,5,5,4,25,0
E-Commerce,Seed,Israel,2873887,14,13,181.47,670980,1.677,40837,60,20,2,5,51,31,1
CleanTech,Pre-Seed,India,147247,73,14,159.64,634078,3.874,45537,9,28,8,1,33,15,0
FinTech,Pre-Seed,Brazil,229965,6,11,447.43,54258,4.869,5560,60,18,5,5,114,35,1
CleanTech,Pre-Seed,Canada,50727,13,6,248.61,669830,2.84,45621,78,24,3,6,119,22,1
BioTech,Series B,India,19084591,4,11,300.21,349403,2.119,43227,44,27,7,2,76,5,0
CleanTech,Series A,Brazil,12407659,34,6,90.82,646480,0.958,36397,37,22,4,3,119,13,0
SaaS,Series B,USA,31761480,122,1,270.7,368720,3.198,11657,67,0,6,5,82,32,0
CleanTech,Seed,Australia,1914119,51,14,137.69,639769,3.365,38082,27,7,8,3,103,3,1
E-Commerce,Seed,India,1660689,138,14,365.45,173118,3.363,18840,28,9,1,5,86,15,1
HealthTech,Pre-Seed,USA,269606,30,3,416.35,212049,-0.06,41430,68,12,2,5,5,27,0
HealthTech,Series A,UK,11779340,40,7,357.55,781888,4.475,40397,-19,4,8,8,37,27,1
EdTech,Seed,France,2751743,92,10,365.26,480471,1.558,11324,68,21,7,9,100,30,1
FinTech,Series C,Israel,89749134,101,3,256.48,15397,3.67,25247,-7,8,9,8,87,6,1
FinTech,Pre-Seed,UK,255603,18,3,356.2,617769,3.751,17558,76,9,2,3,38,25,1
SaaS,Seed,UK,2776158,57,3,211.63,163305,3.183,49262,-4,13,8,1,66,28,0
E-Commerce,Series A,Brazil,6120452,47,12,325.92,486552,1.853,19943,10,23,6,3,34,22,1
EdTech,Seed,Canada,1921525,68,7,129.89,332452,2.964,39460,-11,29,1,1,20,4,0
BioTech,Seed,Singapore,2453097,143,4,35.34,210798,0.009,41986,49,10,4,9,36,15,0
FinTech,Series A,Australia,14099415,68,4,207.03,466435,3.762,44514,68,13,2,3,58,26,1
HealthTech,Pre-Seed,Canada,63265,24,3,231.16,506574,0.318,15372,16,29,7,8,104,18,0
CleanTech,Series A,Brazil,10738672,95,10,128.58,535418,1.863,12631,43,2,9,6,69,9,0
CleanTech,Seed,Israel,1962417,55,11,363.99,658581,0.339,1472,9,28,6,3,55,4,0
EdTech,Series B,Australia,46012614,139,9,37.24,548359,4.153,26955,13,20,4,9,69,5,1
E-Commerce,Series A,Australia,9615492,78,2,111.76,382384,2.662,47367,-3,15,5,8,93,6,0
E-Commerce,Seed,Brazil,1175899,17,4,374.41,536406,3.393,30802,67,19,1,3,68,12,0
AI/ML,Pre-Seed,Germany,368774,42,8,218.84,666023,3.349,4872,42,29,4,7,66,31,1
Gaming,Series C,UK,109206882,99,6,352.79,72408,4.176,27547,28,16,3,5,69,9,1
FinTech,Seed,France,1155313,129,14,283.96,61786,0.489,43341,35,4,9,2,83,7,0
E-Commerce,Series B,Germany,15611868,62,7,475.38,615559,3.231,13691,70,25,6,8,112,29,1
HealthTech,Pre-Seed,Brazil,389606,87,13,299.1,29158,2.791,44250,37,6,4,1,41,14,1
EdTech,Seed,Germany,1907757,119,7,7.93,98114,-0.039,4753,6,16,3,4,119,20,0
BioTech,Series A,France,12593264,101,2,176.76,718481,0.847,1833,34,19,4,4,40,32,0
AI/ML,Series B,Brazil,18456800,50,4,71.96,531358,1.191,38696,64,21,8,5,42,22,0
Cybersecurity,Seed,Brazil,1238456,3,10,462.35,554162,0.177,8645,-2,10,5,4,21,18,0
SaaS,Series A,Australia,4138452,121,10,52.45,249139,1.645,39584,2,11,1,1,85,25,1
BioTech,Seed,Germany,1182986,124,6,194.16,575109,-0.059,49892,26,24,5,7,110,31,0
Cybersecurity,Pre-Seed,USA,410400,87,3,113.44,649963,2.677,30441,58,26,8,2,7,35,0
CleanTech,Series A,India,5288013,78,9,423.44,332726,0.9,40024,45,23,4,3,71,26,1
SaaS,Series A,Brazil,11262236,137,13,154.63,132603,1.292,43317,78,1,2,5,16,4,1
FinTech,Series B,Germany,30313683,60,4,495.95,424921,4.534,15062,30,26,3,8,93,20,1
HealthTech,Seed,Singapore,2267581,13,10,19.79,603669,2.415,9635,63,18,9,8,51,34,1
SaaS,Pre-Seed,Israel,301666,5,13,64.57,507821,1.199,20064,7,25,7,2,66,12,0
Gaming,Pre-Seed,Singapore,319670,118,2,112.71,402949,2.912,9940,36,28,3,9,114,16,0
Cybersecurity,Seed,Germany,1128151,96,6,405.65,185725,0.849,35169,37,4,5,6,102,5,1
FinTech,Seed,UK,1457004,126,1,439.32,620505,0.187,13111,-6,10,3,9,59,35,0
Gaming,Series A,UK,6344849,42,6,36.19,788873,-0.091,44131,-5,22,4,4,106,27,0
CleanTech,Seed,Germany,835510,124,13,16.71,476548,4.748,45200,76,18,8,3,37,1,1
Gaming,Series B,Australia,28035245,8,12,372.41,344943,3.568,29739,26,27,3,5,87,34,1
AI/ML,Series C,Australia,133500774,70,10,67.11,334329,3.96,42746,42,6,3,5,7,32,1
AI/ML,Seed,Brazil,2547463,70,1,66.93,481529,4.901,17793,-9,20,8,4,90,33,0
EdTech,Series B,France,37225824,82,14,11.67,313682,4.644,18146,22,25,7,7,41,31,1
BioTech,Series A,India,7065183,31,8,25.38,508905,3.632,33677,63,21,7,8,116,13,1
BioTech,Seed,Brazil,2541781,74,5,132.21,221470,3.409,760,8,5,2,5,26,2,0
FinTech,Pre-Seed,Singapore,129888,7,6,32.97,444448,1.552,23022,28,10,7,9,42,30,0
CleanTech,Seed,India,740346,90,2,184.76,130026,0.341,5612,-18,26,3,7,109,10,0
E-Commerce,Seed,Singapore,1118821,148,2,416.47,244257,2.783,36008,48,13,7,7,112,23,1
AI/ML,Series B,Australia,24052772,67,12,163.5,63106,2.797,27265,39,27,4,8,52,33,1
FinTech,Seed,Germany,2296641,11,9,364.05,91227,4.752,530,45,3,8,4,79,29,1
E-Commerce,Series B,France,40428563,145,3,47.41,456295,2.101,9551,66,27,8,6,104,30,0
BioTech,Series A,Singapore,14826072,38,6,329.86,690388,3.392,28394,69,7,6,5,111,34,1
EdTech,Pre-Seed,Australia,90643,78,10,158.72,576423,2.79,42987,5,8,3,1,60,17,0
Gaming,Series C,France,149504471,78,5,375.0,696426,0.719,48984,50,1,6,9,3,22,1
AI/ML,Seed,Brazil,768116,33,14,68.56,653887,2.879,2560,53,24,6,2,45,5,0
FinTech,Seed,Germany,2270330,48,12,448.99,764077,2.609,18561,48,10,3,6,41,11,1
SaaS,Series A,Israel,7658575,111,4,121.67,93470,2.368,5103,26,27,4,8,12,22,1
E-Commerce,Pre-Seed,UK,204841,121,10,176.89,778378,2.47,24090,55,19,2,3,4,32,1
Gaming,Seed,Canada,864765,11,2,475.12,148213,0.653,17921,75,21,1,5,65,24,0
AI/ML,Seed,France,2420382,98,8,289.45,55950,2.21,42233,21,29,2,7,18,11,1
BioTech,Seed,Israel,2642064,6,10,183.2,721083,2.949,2781,10,6,7,4,39,11,0
CleanTech,Series C,Israel,58946694,78,7,474.83,288369,2.345,17330,1,3,5,5,18,17,1
E-Commerce,Seed,France,2031618,2,11,164.87,503466,2.341,5257,-4,23,9,1,89,32,0
BioTech,Pre-Seed,Israel,227145,132,2,47.89,305103,0.203,34956,63,28,3,4,92,19,0
AI/ML,Seed,Singapore,1886511,68,6,498.43,89711,0.792,38831,-1,13,2,7,82,27,0
E-Commerce,Series B,Israel,35776359,16,14,134.29,151123,1.469,15615,-13,25,4,7,29,32,1
Gaming,Pre-Seed,Australia,486221,94,8,425.7,212500,1.981,881,77,23,2,4,65,25,0
AI/ML,Pre-Seed,India,183922,31,7,83.19,789572,2.888,1847,28,0,7,6,113,28,0
Cybersecurity,Pre-Seed,Singapore,209472,104,1,365.81,275593,4.289,39367,66,23,6,5,107,27,1
FinTech,Pre-Seed,Israel,324097,83,5,262.46,376357,0.628,22110,17,25,8,1,96,14,0
Gaming,Series A,Brazil,5727850,76,2,490.46,694550,-0.122,37336,32,29,5,8,66,2,1
E-Commerce,Series A,UK,13086627,61,6,276.64,634533,2.136,16314,7,11,2,7,99,17,1
CleanTech,Seed,Germany,2279472,41,7,13.0,107069,2.047,30118,56,18,4,5,34,1,0
BioTech,Series A,Israel,6613983,75,14,302.14,691501,2.67,39931,8,4,1,7,11,32,1
SaaS,Seed,USA,1801288,122,14,73.09,243597,4.133,43924,51,29,2,3,13,19,1
BioTech,Series C,UK,137035863,148,7,399.37,558196,3.972,22966,-10,25,4,8,103,14,1
E-Commerce,Series C,Brazil,161449370,4,3,428.36,376991,0.32,44023,26,7,6,5,72,31,1
BioTech,Seed,Australia,2826168,37,7,241.31,788628,4.657,11320,24,10,4,2,32,18,1
FinTech,Series B,Israel,27297281,44,5,391.72,27412,0.374,2216,-3,21,4,2,106,14,0
AI/ML,Series A,Australia,13323592,144,8,72.98,382174,3.1,25564,29,3,2,4,17,14,1
SaaS,Seed,Israel,1838971,116,12,246.29,277800,3.297,38469,68,14,9,7,61,24,1
HealthTech,Pre-Seed,Canada,447748,110,8,197.28,150039,3.335,24401,28,19,8,4,50,5,0
E-Commerce,Seed,India,1596613,91,7,305.85,488174,1.18,11780,1,11,8,9,96,16,1
EdTech,Series A,Australia,7141314,85,6,22.72,418980,1.518,10694,24,19,5,2,84,5,0
HealthTech,Series C,India,161089605,78,2,376.19,628773,2.653,4809,40,21,3,6,78,13,1
BioTech,Series A,UK,7010086,6,6,40.03,454246,0.838,16562,78,22,6,4,62,16,0
E-Commerce,Series B,Canada,32260086,79,13,328.41,208879,-0.094,47160,72,28,9,6,70,15,1
Cybersecurity,Seed,Germany,1618976,92,12,9.72,535895,2.723,32441,0,20,8,9,59,31,0
EdTech,Series A,Singapore,10963845,88,11,416.03,160595,2.219,40539,50,9,7,9,66,5,1
SaaS,Series A,India,8991342,15,9,87.76,582735,3.215,1929,40,29,8,9,56,21,1
CleanTech,Seed,Canada,2738926,105,2,257.99,59757,0.563,29617,55,23,4,9,82,30,1
Cybersecurity,Seed,India,515385,84,1,131.12,794402,4.173,47074,15,15,6,3,89,23,0
HealthTech,Series A,France,11135800,55,11,361.46,260495,0.56,14244,3,22,5,9,77,29,1
AI/ML,Pre-Seed,Brazil,377565,133,13,161.01,758886,4.435,32879,11,7,2,3,56,13,1
FinTech,Series A,Germany,7152109,96,5,362.44,400909,2.138,44179,70,19,8,3,61,32,0
CleanTech,Pre-Seed,Brazil,167369,10,11,142.79,222916,2.659,49866,75,7,3,5,90,27,1
Cybersecurity,Seed,Israel,1244990,54,6,376.36,388976,4.462,11116,38,28,5,6,88,34,1
AI/ML,Series A,India,9380858,78,3,15.79,172867,1.36,22418,75,5,8,9,41,33,0
AI/ML,Pre-Seed,Israel,169774,61,8,142.01,735166,0.746,15707,75,2,9,1,17,4,0
E-Commerce,Pre-Seed,USA,303724,47,7,249.57,320609,2.118,17765,69,28,9,8,115,18,0
Cybersecurity,Seed,India,2731737,55,2,23.01,464325,1.071,35895,54,7,5,4,81,6,0
SaaS,Series B,Canada,41913900,75,12,93.42,100027,2.545,13100,61,28,2,7,76,28,1
BioTech,Pre-Seed,Germany,154126,113,7,467.3,60528,1.231,23867,-16,22,7,6,30,27,1
EdTech,Series B,Israel,48241589,96,1,488.43,308374,4.295,43971,-5,9,7,6,38,26,1
EdTech,Pre-Seed,India,127658,24,9,370.01,58242,2.958,1208,-10,4,8,7,56,20,1
HealthTech,Series C,USA,55408792,28,13,126.47,469099,-0.199,44085,14,10,8,4,19,13,1
HealthTech,Series C,Brazil,88796474,71,7,130.63,124688,3.988,36,54,3,5,6,102,28,1
EdTech,Seed,Canada,2366015,110,6,323.07,501582,1.517,18212,21,16,1,3,88,34,1
SaaS,Seed,France,2523027,78,13,59.24,536071,1.465,11252,66,25,4,5,89,23,1
FinTech,Seed,India,1667213,51,2,474.18,38390,1.792,19725,77,2,4,2,95,10,0
Gaming,Seed,France,1407153,125,3,112.79,673777,3.077,7006,60,17,3,3,24,30,0
BioTech,Pre-Seed,UK,143220,20,1,499.82,82102,2.099,47835,-11,7,8,9,77,22,1
FinTech,Pre-Seed,Germany,76393,2,10,248.12,289570,3.069,24059,61,29,3,6,38,5,1
E-Commerce,Pre-Seed,India,107480,41,13,385.83,40750,0.563,5347,-13,23,5,3,110,9,0
Gaming,Seed,Australia,2423298,23,5,1.59,592476,4.845,32171,5,11,2,2,31,4,1
Gaming,Pre-Seed,USA,416407,113,9,444.43,283016,3.594,28517,-18,20,6,5,57,1,1
Cybersecurity,Seed,Israel,2213043,41,13,135.37,628519,1.101,24274,38,15,6,5,44,34,1
SaaS,Series C,Australia,170551509,39,6,334.13,402004,3.566,33577,67,13,8,1,34,26,0
SaaS,Seed,UK,1642226,49,5,403.27,713446,2.79,27648,-18,20,8,3,16,18,1
Gaming,Seed,Germany,2066772,76,12,82.49,601058,0.368,4118,17,15,1,7,20,16,0
Cybersecurity,Seed,Brazil,552066,108,3,221.53,241360,0.727,17910,-19,26,5,9,40,23,0
BioTech,Series A,Canada,5471146,9,5,247.17,235440,0.015,13083,78,3,2,5,103,26,0
Gaming,Series B,France,38187230,87,8,156.4,753537,4.008,49647,-4,0,5,4,36,2,1
CleanTech,Series B,UK,40424304,69,12,241.14,102663,2.669,13187,52,0,9,3,47,5,0
HealthTech,Series C,Israel,91773155,76,2,159.11,700080,1.447,424,15,28,4,9,89,29,1
HealthTech,Pre-Seed,Canada,128422,138,5,180.69,683439,0.457,26641,65,21,8,7,34,4,0
FinTech,Series A,Brazil,11051090,91,6,334.83,668651,2.317,34750,74,14,1,7,112,35,1
E-Commerce,Series A,Israel,12399822,131,10,316.48,215156,2.531,15918,77,19,8,8,69,22,1
HealthTech,Pre-Seed,USA,79086,81,8,116.52,122808,3.45,23154,67,19,6,1,65,8,0
AI/ML,Series C,France,54171364,96,8,448.79,120091,4.844,48166,52,2,8,4,57,21,1
FinTech,Pre-Seed,Australia,175604,71,5,431.46,583681,2.062,11992,-19,13,6,5,45,8,0
HealthTech,Series A,India,13324430,91,9,254.79,627846,1.911,34001,64,8,3,5,24,5,1
E-Commerce,Pre-Seed,UK,169324,60,4,216.91,79770,1.724,42757,13,18,8,1,89,21,0
SaaS,Seed,India,1939641,148,12,188.74,195385,4.1,14546,6,7,5,3,70,27,1
SaaS,Series A,Canada,7197739,29,9,353.78,58838,0.613,41524,16,1,5,2,79,5,0
BioTech,Seed,India,2436513,73,11,336.0,543022,1.588,3019,50,3,7,7,98,21,1
Gaming,Seed,Australia,2388339,15,7,98.49,641475,3.57,1304,1,0,6,5,31,8,1
CleanTech,Seed,Singapore,1970851,25,6,335.89,109329,-0.118,46912,47,10,9,3,42,22,0
SaaS,Series A,Canada,3712917,113,4,126.59,530146,1.305,49284,-7,4,7,8,106,18,0
Cybersecurity,Pre-Seed,France,425601,45,2,9.77,415413,3.136,16832,77,1,3,1,47,4,0
HealthTech,Seed,Israel,792441,57,8,349.75,768921,0.767,22791,2,26,5,1,12,4,0
Cybersecurity,Series B,France,21859634,121,6,322.57,130424,1.374,10022,23,12,9,6,79,15,0
E-Commerce,Series A,India,9574922,33,12,205.7,330217,2.327,10350,68,16,2,1,47,27,1
SaaS,Seed,Germany,1951511,26,3,263.08,738285,1.995,11818,44,16,1,4,19,21,0
CleanTech,Series A,Canada,5700993,117,7,473.61,254042,0.351,33617,58,17,8,6,104,4,1
E-Commerce,Series A,Israel,12006727,67,10,297.8,745848,4.679,3962,75,20,8,1,4,11,1
AI/ML,Series B,Brazil,19007324,43,7,329.11,235683,0.03,4854,57,27,2,9,19,19,1
AI/ML,Seed,USA,1141462,77,6,32.42,225547,3.699,34307,40,8,8,4,110,19,0
Cybersecurity,Pre-Seed,France,196429,138,2,83.41,253603,0.171,2944,64,5,5,9,92,27,0
Gaming,Pre-Seed,France,279937,39,8,150.83,715662,2.23,22327,34,27,2,9,40,28,1
FinTech,Pre-Seed,Canada,70365,62,1,269.92,208343,0.712,3244,50,19,7,6,39,5,0
Gaming,Seed,Germany,801173,90,13,388.41,296459,0.534,22720,79,2,7,7,65,25,1
BioTech,Pre-Seed,India,313881,19,1,160.96,289566,0.455,25090,64,7,3,1,7,3,0
Gaming,Seed,India,893186,71,6,178.51,704497,2.154,46023,29,2,1,5,27,26,0
BioTech,Seed,Canada,2278568,83,5,128.45,82663,2.481,34359,-9,0,4,3,75,10,0
BioTech,Pre-Seed,France,135474,117,9,127.68,111216,0.494,48536,58,19,2,6,94,24,0
CleanTech,Series B,Israel,27923274,81,13,474.46,784888,4.893,7855,-6,26,4,4,24,29,1
SaaS,Seed,USA,1265387,16,12,317.91,266492,1.14,1601,-4,12,8,9,95,7,1
CleanTech,Pre-Seed,Canada,291474,14,7,78.37,481358,2.186,31952,13,20,2,7,65,23,0
BioTech,Series A,Israel,12151398,120,2,361.26,304887,0.925,45577,14,4,1,4,37,27,1
E-Commerce,Pre-Seed,Israel,227229,44,13,361.15,502762,2.368,5690,18,15,3,6,57,9,1
AI/ML,Series A,Brazil,9216631,58,12,333.4,418852,3.731,12521,57,20,7,2,22,3,1
BioTech,Series A,Australia,4220682,18,7,67.79,494100,2.51,34610,34,23,6,3,7,13,0
CleanTech,Seed,Singapore,1548870,33,3,204.29,544396,1.285,10483,38,15,6,7,41,6,0
E-Commerce,Series A,USA,8005332,56,1,53.82,214706,1.092,8058,-16,23,7,4,65,21,0
CleanTech,Seed,UK,2695337,14,11,408.4,570468,3.746,13704,9,11,8,7,110,19,1
Gaming,Seed,Germany,2655534,48,8,327.76,291027,0.415,5565,-17,12,3,9,34,25,1
HealthTech,Pre-Seed,Singapore,350242,88,14,253.85,578688,1.724,43856,-6,3,3,5,105,4,1
Cybersecurity,Pre-Seed,Brazil,54655,63,12,171.84,187071,0.588,37256,14,8,8,1,65,22,0
FinTech,Series B,USA,49161749,30,3,92.53,582239,1.141,30615,53,15,7,5,76,5,0
CleanTech,Seed,India,1856948,23,11,53.67,410376,0.594,41674,34,0,5,6,42,1,0
FinTech,Seed,Singapore,2600923,66,8,484.64,423145,4.411,1927,45,4,4,2,19,17,1
EdTech,Seed,India,1884819,30,7,100.22,676483,3.606,15512,39,20,6,8,103,9,1
CleanTech,Seed,Germany,2193675,49,12,30.41,387250,2.717,8301,3,4,9,2,81,9,0
HealthTech,Pre-Seed,India,374401,6,2,480.85,693717,0.967,21313,71,23,6,9,75,24,1
FinTech,Seed,Germany,2352566,102,13,274.7,698916,2.453,8457,1,24,8,2,34,10,1
BioTech,Series A,USA,8211276,72,14,398.43,334078,2.508,5492,23,18,1,3,25,20,1
CleanTech,Pre-Seed,France,370580,142,14,22.36,40881,2.87,3223,11,8,6,8,77,17,1
SaaS,Pre-Seed,Germany,157779,139,1,283.69,108171,0.112,22511,74,28,2,6,62,13,0
Cybersecurity,Pre-Seed,Israel,174891,67,7,199.41,263189,4.859,21455,62,26,3,1,79,29,1
HealthTech,Seed,UK,1278760,73,13,386.1,227815,2.22,33722,30,7,6,4,84,23,1
FinTech,Series B,UK,21848120,26,1,19.69,321095,4.618,23434,64,18,2,5,115,27,1
HealthTech,Pre-Seed,Canada,127924,61,6,201.14,280896,-0.149,30341,-18,17,4,3,58,18,0
E-Commerce,Pre-Seed,UK,79332,41,13,399.64,651627,1.087,42309,49,14,6,1,11,18,1
Cybersecurity,Seed,Canada,2990297,8,11,261.59,416656,0.341,15007,11,3,5,3,108,9,0
BioTech,Series A,UK,10911057,47,10,275.24,54864,3.802,34342,-19,14,6,9,71,3,1
CleanTech,Seed,Germany,893056,87,11,49.03,715051,1.465,26799,67,12,6,2,64,7,0
CleanTech,Seed,Israel,589031,142,10,66.6,606323,4.171,15674,38,27,8,1,66,15,0
CleanTech,Series A,France,6612914,22,8,338.66,96675,4.128,15426,70,17,9,7,109,30,1
Cybersecurity,Seed,India,683024,2,7,337.69,294487,3.273,7095,52,19,5,7,24,9,1
SaaS,Series B,Brazil,47788991,124,4,489.56,234320,3.262,44791,56,4,6,5,34,27,1
EdTech,Series A,UK,12464656,148,1,356.12,553961,3.441,24104,-7,17,6,2,49,18,1
AI/ML,Pre-Seed,France,109946,126,1,246.88,201026,3.304,3255,30,27,6,1,4,31,0
Gaming,Pre-Seed,France,470065,34,4,428.74,195770,1.812,33826,-10,7,2,5,87,17,0
FinTech,Pre-Seed,Germany,313685,5,5,52.68,367168,3.351,34725,57,0,4,4,94,6,0
SaaS,Seed,USA,1551341,4,12,224.92,560808,4.467,23032,59,18,1,9,54,25,1
BioTech,Series C,USA,81822219,92,7,143.91,512857,1.529,4944,-11,22,1,5,90,31,0
FinTech,Seed,UK,2174251,53,14,52.77,779483,4.713,37826,63,25,1,2,90,29,1
CleanTech,Pre-Seed,Brazil,301116,29,4,381.87,389590,-0.129,30497,59,16,7,4,16,9,0
HealthTech,Series A,UK,13355457,71,10,255.64,48079,1.615,27723,37,28,1,9,39,1,1
BioTech,Seed,UK,2221742,58,14,278.61,54220,0.487,35287,13,26,6,8,29,16,1
FinTech,Pre-Seed,Canada,315116,109,12,205.92,161563,0.458,11845,59,1,2,3,26,23,0
CleanTech,Seed,Israel,1173616,145,1,230.44,122878,4.04,24297,57,18,6,8,66,8,0
FinTech,Seed,Israel,866047,25,11,58.45,126583,4.576,2570,32,29,6,2,72,12,0
HealthTech,Series A,Brazil,6295453,78,10,336.62,58720,3.844,27503,7,15,3,3,28,10,1
CleanTech,Pre-Seed,Canada,153579,77,7,216.51,241876,4.878,7450,-3,29,8,5,56,16,1
EdTech,Pre-Seed,France,89339,70,2,408.48,549006,0.925,20271,5,17,4,8,17,24,0
SaaS,Seed,Canada,804543,102,13,98.55,438813,0.532,40471,-14,1,7,1,31,8,0
E-Commerce,Pre-Seed,UK,356157,93,11,102.93,501567,2.508,15898,24,27,4,4,102,11,0
Gaming,Seed,USA,1956498,93,2,323.06,372812,4.111,14389,77,26,1,1,76,26,0
Cybersecurity,Seed,Singapore,1018993,31,8,423.08,692192,0.007,48182,24,5,6,1,30,7,0
Gaming,Seed,Brazil,1212932,19,12,236.36,762758,4.977,25463,50,6,5,5,61,15,1
BioTech,Series B,France,45887799,45,10,363.61,416080,2.932,744,76,5,9,6,117,15,0
Gaming,Seed,Germany,1481271,100,10,499.67,622666,4.89,22804,14,26,9,1,75,3,1
CleanTech,Pre-Seed,Singapore,207541,122,10,495.14,18177,1.698,36282,31,5,8,6,23,16,1
EdTech,Seed,Singapore,2729537,116,5,372.3,711475,2.182,10871,0,8,7,5,12,15,0
E-Commerce,Series A,Canada,12380814,61,10,369.92,394462,3.712,13536,7,7,2,4,6,25,1
SaaS,Series A,India,5238154,147,2,124.19,771595,3.922,23097,75,29,8,5,64,33,0
SaaS,Pre-Seed,Singapore,53285,57,5,416.85,459426,1.012,175,23,23,3,8,6,14,0
HealthTech,Series C,UK,182506357,32,8,202.85,455170,4.635,49717,59,21,6,9,8,24,1
Cybersecurity,Seed,Australia,1696352,102,6,481.02,645433,4.311,3217,35,20,7,2,92,11,1
FinTech,Pre-Seed,USA,461921,60,3,41.17,739490,-0.105,15106,-11,8,6,6,106,3,0
EdTech,Pre-Seed,USA,181627,125,8,218.2,547706,0.469,30359,2,11,5,3,82,9,0
FinTech,Pre-Seed,Australia,71323,131,14,278.14,175926,2.38,46464,27,17,4,2,74,6,1
E-Commerce,Series A,Israel,12770296,98,9,202.88,622363,2.197,22357,31,22,2,1,94,31,1
Gaming,Pre-Seed,UK,103915,108,5,105.68,513122,3.484,42354,-6,5,9,4,18,16,0
SaaS,Pre-Seed,Germany,421687,19,13,296.7,337371,0.266,38570,34,22,7,8,40,11,1
E-Commerce,Series B,Singapore,15665979,146,2,378.08,416051,3.153,7034,22,27,7,3,51,17,1
Gaming,Seed,Israel,1752038,72,2,322.6,289677,3.005,16263,29,3,4,5,63,3,0
SaaS,Pre-Seed,UK,309990,107,7,117.61,517966,1.015,42180,-15,24,5,5,67,19,0
Gaming,Pre-Seed,Canada,420644,55,1,365.94,498267,2.62,8776,12,6,6,5,85,24,0
Cybersecurity,Pre-Seed,USA,464441,95,10,128.82,379648,0.955,43822,41,17,2,9,52,8,1
EdTech,Pre-Seed,Israel,423410,77,12,88.01,228930,0.564,9812,34,28,4,8,19,2,1
BioTech,Series A,Brazil,10104627,36,2,345.49,413439,2.78,19739,18,19,4,8,115,23,1
E-Commerce,Pre-Seed,Singapore,490924,12,10,421.47,658490,4.883,26925,-9,4,4,1,30,30,1
E-Commerce,Pre-Seed,Singapore,178041,62,4,241.03,544561,1.032,19575,79,17,7,1,46,25,0
AI/ML,Series A,Germany,6198747,45,1,265.93,567807,1.648,22231,10,9,7,2,14,7,0
CleanTech,Series A,India,8476049,122,4,151.72,689520,1.134,11399,53,7,7,8,72,28,1
Cybersecurity,Seed,Brazil,1031661,69,13,247.56,477601,1.186,47731,32,0,7,1,73,17,0
Cybersecurity,Seed,Singapore,2402871,26,12,66.43,518604,1.902,23100,13,14,2,4,74,32,1
FinTech,Seed,France,1122215,85,11,477.94,494408,3.45,10768,20,2,5,9,5,1,1
Gaming,Seed,Brazil,2311049,115,13,400.28,190060,0.002,33299,-11,14,2,2,51,27,0
CleanTech,Seed,Singapore,846229,133,10,334.15,413564,4.777,11357,31,13,5,3,23,7,0
EdTech,Seed,Australia,1666572,2,5,269.33,617748,0.041,1437,54,0,6,6,10,3,0
EdTech,Series B,Brazil,36535028,132,9,396.19,258792,4.383,24946,36,20,3,3,66,30,1
Cybersecurity,Pre-Seed,UK,442647,87,1,247.63,638759,4.451,20888,57,7,6,4,94,1,0
EdTech,Series A,Brazil,8758851,63,12,150.34,638956,2.527,5502,-18,6,5,9,61,34,1
AI/ML,Pre-Seed,Germany,57642,65,5,80.61,362570,0.512,40376,36,8,4,9,32,33,0
E-Commerce,Series A,Canada,11468579,146,2,323.97,24629,2.739,5566,12,17,9,5,34,16,0
HealthTech,Seed,Canada,2128420,127,9,464.75,130484,3.069,41576,-14,11,8,7,77,11,1
BioTech,Series A,Canada,13261808,106,6,77.23,107275,4.26,4014,-17,7,7,9,22,8,1
FinTech,Pre-Seed,UK,447597,63,2,90.42,443632,2.665,13613,18,7,1,8,116,1,0
Gaming,Seed,Israel,1961350,36,14,217.09,148966,1.936,40167,27,29,9,7,18,14,1
BioTech,Seed,Canada,1841502,14,3,403.55,56073,4.159,33699,53,5,9,8,27,30,1
Gaming,Series A,USA,12704110,44,14,147.31,579981,4.901,49545,58,2,6,5,62,21,1
SaaS,Seed,UK,685784,131,8,127.33,716826,3.155,35233,-5,1,7,5,47,21,1
BioTech,Seed,Israel,1785412,112,1,310.17,577383,4.347,48391,17,13,3,5,11,34,1
HealthTech,Seed,USA,1699110,129,12,268.04,172246,2.913,21814,-17,7,5,1,53,26,0
Cybersecurity,Seed,USA,1346462,52,3,30.58,132388,3.387,23386,-17,5,7,6,105,14,0
AI/ML,Seed,USA,1223879,145,13,41.2,250787,3.378,46776,79,3,1,5,63,35,1
E-Commerce,Pre-Seed,France,368555,147,10,321.68,213508,3.465,41585,6,4,1,8,115,18,1
E-Commerce,Series C,Germany,68397030,136,1,232.83,124441,1.469,38756,65,20,5,8,42,20,1
AI/ML,Series A,Germany,4444315,46,11,485.5,635070,2.793,7509,65,12,9,2,106,9,0
CleanTech,Series C,UK,63772237,43,11,339.43,792307,2.89,22316,-4,8,7,6,63,33,1
SaaS,Pre-Seed,USA,256900,136,8,5.53,249343,1.438,45617,77,12,1,6,69,4,1
Gaming,Series B,Australia,26932133,16,1,240.77,446142,1.619,11071,75,28,5,3,82,4,0
HealthTech,Series A,Brazil,9696579,61,13,207.52,442043,3.764,27742,49,8,8,1,78,16,1
EdTech,Series A,Israel,3398825,41,5,53.8,642551,2.83,46849,33,23,8,7,17,26,1
BioTech,Seed,Germany,2255089,113,4,461.64,447991,0.576,13228,76,23,2,5,55,6,1
SaaS,Seed,Canada,2385547,78,7,402.6,444417,4.156,11614,-13,15,7,5,6,22,1
BioTech,Series A,UK,4885190,106,14,115.43,299669,4.392,10301,32,11,5,8,25,7,1
HealthTech,Seed,Israel,1001477,108,5,128.36,399860,2.224,35549,79,1,9,5,29,30,0
FinTech,Pre-Seed,UK,423403,123,8,16.49,376657,0.886,42851,-16,29,3,5,105,10,0
FinTech,Seed,Australia,730596,81,12,148.71,663689,4.728,11374,48,18,1,1,109,15,1
SaaS,Series B,France,46028034,126,14,292.52,106643,4.388,34407,26,29,4,2,39,6,1
Cybersecurity,Series B,France,19993899,135,11,210.71,695846,1.071,46606,53,15,7,5,79,24,0
HealthTech,Series C,USA,87677422,33,1,484.64,481820,0.297,41741,19,23,1,7,45,2,0
HealthTech,Seed,France,2216473,109,5,28.51,159712,2.091,13982,-14,12,2,3,39,15,0
AI/ML,Pre-Seed,UK,72419,115,4,295.92,369838,3.317,31258,-9,4,5,1,106,21,0
Cybersecurity,Pre-Seed,Canada,485794,147,3,429.23,202527,0.712,45652,73,22,9,2,87,18,0
Gaming,Pre-Seed,USA,256063,69,5,240.63,570424,2.469,10248,4,29,1,3,31,5,0
Gaming,Pre-Seed,Singapore,171211,128,10,1.98,66539,2.012,10515,7,23,4,9,31,25,1
EdTech,Seed,Israel,1933482,136,3,121.78,222736,4.431,35042,22,5,3,8,51,10,0
E-Commerce,Pre-Seed,Australia,255671,115,8,162.22,428158,2.034,26809,56,20,5,4,77,23,0
FinTech,Seed,USA,794358,9,13,483.01,78363,2.576,10830,26,23,5,8,53,24,1
Gaming,Series B,UK,29379782,65,3,455.93,199668,4.767,35248,28,16,2,9,52,10,1
Cybersecurity,Seed,Israel,1026701,136,1,474.61,615814,1.358,6799,65,16,5,3,30,6,0
HealthTech,Series B,Canada,24970977,42,9,412.97,307399,1.303,8547,33,16,9,6,76,13,1
Gaming,Seed,India,1276041,41,9,176.15,203201,3.958,31562,-3,2,5,8,7,21,1
HealthTech,Pre-Seed,Australia,414946,4,6,452.99,488739,1.243,14328,6,25,2,7,58,32,1
Gaming,Seed,UK,1681753,146,10,490.85,652497,4.126,12679,51,12,7,9,66,15,1
FinTech,Pre-Seed,Australia,249176,111,1,175.36,252723,0.297,21058,-15,11,6,7,91,2,0
BioTech,Seed,Germany,890447,115,8,130.65,620725,0.379,32237,54,5,7,1,99,15,0
Gaming,Series A,India,7695154,113,2,273.68,157349,4.487,46696,72,21,8,9,19,17,1
Cybersecurity,Pre-Seed,Israel,164897,5,9,93.98,667003,2.612,19906,48,20,5,5,115,20,1
Gaming,Pre-Seed,France,108408,135,14,16.8,75555,3.538,43427,50,28,2,6,99,6,1
E-Commerce,Seed,UK,616908,27,8,472.94,633267,0.972,38872,1,12,7,2,91,15,0
FinTech,Series C,Australia,95318936,140,3,462.91,63629,0.665,16547,38,13,7,2,99,17,0
Cybersecurity,Series A,Israel,8846899,18,13,81.75,649584,4.142,23306,26,6,8,4,57,26,1
AI/ML,Series A,France,9796877,93,5,204.17,327582,1.665,28210,47,4,7,4,11,22,0
Cybersecurity,Pre-Seed,Canada,377275,32,9,415.6,780109,2.166,45693,11,13,7,5,93,9,0
E-Commerce,Series A,Canada,12239320,145,13,330.67,281601,-0.055,28239,62,17,9,7,91,12,1
BioTech,Series A,Australia,8360678,108,1,197.7,200701,1.807,27830,76,3,8,1,70,22,0
FinTech,Seed,USA,1141142,147,9,372.21,306066,3.806,3381,-20,0,2,4,75,23,1
AI/ML,Series C,Germany,157275599,112,4,448.58,413036,4.071,34832,33,6,2,9,112,14,1
E-Commerce,Seed,USA,2660231,102,4,463.12,435966,3.434,39357,25,19,7,8,81,24,1
E-Commerce,Series B,Germany,41760265,113,4,189.74,380266,3.399,28841,20,12,3,3,18,8,0
SaaS,Series B,UK,27893170,63,10,87.19,112020,2.432,7447,20,3,1,6,18,26,1
FinTech,Pre-Seed,Singapore,375374,113,12,456.46,244618,2.599,20368,-13,12,9,9,15,32,1
Cybersecurity,Seed,Australia,2236916,117,9,46.73,523463,3.662,20271,11,3,3,8,80,28,1
HealthTech,Series C,Brazil,152182894,36,14,360.98,703150,1.086,339,9,2,1,7,88,32,1
BioTech,Pre-Seed,Australia,162333,29,6,70.68,175493,1.004,19974,25,7,6,7,87,22,0
HealthTech,Seed,India,545807,104,11,195.0,783317,4.74,26509,71,19,4,1,75,9,1
Cybersecurity,Series C,France,134546581,126,8,206.07,223273,-0.056,37898,31,7,1,5,65,3,1
Cybersecurity,Seed,India,2058274,103,12,79.8,596613,0.525,26221,75,24,4,7,43,25,1
FinTech,Pre-Seed,Canada,154292,138,14,461.38,297744,2.766,27263,68,16,8,2,55,12,0
Cybersecurity,Seed,Germany,1147272,144,4,1.83,220694,3.637,7733,77,14,7,6,70,29,0
SaaS,Pre-Seed,France,63777,22,3,446.96,272051,2.597,45878,40,3,1,2,76,3,0
AI/ML,Seed,Canada,809963,53,14,441.97,439387,1.646,5049,76,5,9,3,101,23,0
Cybersecurity,Pre-Seed,France,471685,98,1,158.82,764899,4.885,43086,-8,23,6,1,119,23,0
HealthTech,Seed,USA,1683493,52,10,352.29,333670,3.46,45401,68,29,2,3,11,18,1
Cybersecurity,Seed,Canada,1047578,84,7,126.78,784808,4.123,21088,19,21,3,7,53,11,1
SaaS,Series A,USA,12811879,56,4,379.51,23149,0.009,15608,40,27,7,5,50,26,0
Gaming,Seed,USA,923915,78,14,280.78,171466,1.027,638,23,5,3,4,82,8,1
Gaming,Seed,France,2772476,128,8,150.46,155468,1.746,7709,41,9,3,8,51,28,1
E-Commerce,Series A,Israel,13095837,94,14,200.42,426540,0.75,5143,23,3,5,8,20,18,1
BioTech,Pre-Seed,India,430161,89,3,345.1,188270,0.179,1224,27,8,3,1,12,13,0
EdTech,Seed,Canada,2051726,81,1,453.1,122168,0.97,47234,53,15,3,9,87,12,1
AI/ML,Pre-Seed,Brazil,369233,93,5,65.8,517026,2.575,48047,38,6,5,9,117,22,1
CleanTech,Series B,Israel,25895584,48,14,285.9,644101,3.418,44870,36,13,5,2,56,2,1
E-Commerce,Pre-Seed,India,440857,39,2,127.24,363923,3.825,37013,74,26,9,2,81,28,0
BioTech,Seed,Canada,697345,140,3,400.79,266960,0.023,9741,-10,5,1,8,17,13,0
Gaming,Series A,Germany,5900203,16,14,35.58,668554,2.026,22991,4,0,1,6,13,33,1
HealthTech,Seed,India,2150870,2,6,344.63,304542,0.436,40175,40,17,9,3,42,3,0
CleanTech,Pre-Seed,Brazil,296471,136,3,87.89,276933,2.042,26081,25,11,5,2,114,34,0
BioTech,Seed,Australia,1825499,2,3,298.39,488911,2.057,47558,33,21,4,5,108,23,0
BioTech,Seed,UK,1992832,50,12,417.93,337111,2.391,15642,13,26,2,8,107,32,1
E-Commerce,Series A,USA,10789573,97,6,377.66,774302,4.443,9567,63,14,9,6,49,20,1
CleanTech,Seed,UK,1308062,27,5,376.59,202206,3.986,41627,-14,0,6,3,103,28,1
FinTech,Seed,Israel,1139724,88,10,259.16,271041,3.111,38536,76,14,9,9,22,8,1
EdTech,Seed,Australia,1167538,94,9,445.43,211958,4.404,17399,41,14,5,8,100,3,1
FinTech,Series A,USA,7607455,103,1,294.26,370981,3.328,33103,36,26,4,6,24,30,1
CleanTech,Seed,Canada,2513338,72,13,458.8,166049,4.058,45721,78,15,7,1,50,25,1
FinTech,Seed,Israel,1178387,141,3,273.49,111967,2.732,15330,72,20,5,2,84,30,0
SaaS,Pre-Seed,Brazil,424311,96,3,253.23,403345,2.531,16464,55,0,8,4,18,29,0
Gaming,Pre-Seed,France,117359,119,11,111.57,331827,3.565,2134,-16,28,8,2,7,30,1
SaaS,Pre-Seed,Canada,253460,149,6,272.62,317475,-0.098,49409,55,2,2,3,67,34,0
Cybersecurity,Pre-Seed,India,390752,120,8,70.72,258719,3.39,29662,72,11,5,8,85,25,1
FinTech,Seed,France,2542749,52,3,434.91,451719,4.659,184,14,27,8,9,76,17,1
Cybersecurity,Seed,Israel,1825831,82,3,338.11,168621,3.512,30387,63,27,3,6,23,24,0
HealthTech,Pre-Seed,India,213384,37,6,496.82,546630,-0.009,49274,16,6,7,4,63,28,0
AI/ML,Series B,Brazil,45144809,68,8,46.5,741874,1.765,40824,39,4,3,2,79,33,1
HealthTech,Pre-Seed,UK,336305,130,6,120.72,717609,4.01,7263,44,27,6,7,57,7,0
CleanTech,Series A,India,12293960,115,13,438.64,773076,4.785,13191,-5,25,2,7,26,23,1
BioTech,Seed,UK,1391255,112,12,197.93,515655,1.725,3514,9,0,6,9,25,26,1
Gaming,Seed,USA,2460022,143,14,233.42,240099,4.174,32734,52,0,6,5,89,14,1
FinTech,Pre-Seed,Germany,180466,101,10,430.4,535587,4.292,6077,21,14,8,4,13,28,1
E-Commerce,Seed,Singapore,2926609,110,3,261.15,259240,0.441,35120,40,7,5,6,49,24,0
AI/ML,Seed,Canada,2778598,121,4,97.14,338019,4.198,48484,53,10,1,2,4,7,0
EdTech,Series B,Singapore,46013300,80,1,446.07,698280,1.486,9500,56,13,8,2,72,15,0
EdTech,Seed,USA,2381397,135,13,16.02,458052,2.885,14992,27,28,9,9,55,3,0
EdTech,Series B,India,41846488,20,8,447.75,183453,2.603,10133,41,24,1,7,13,2,1
FinTech,Pre-Seed,USA,450706,128,4,25.73,515275,3.248,6405,63,22,5,7,17,7,0
EdTech,Series A,Singapore,13867451,30,6,333.09,386430,3.65,30269,72,12,6,5,75,16,1
SaaS,Seed,Singapore,1262557,25,11,36.3,328442,2.093,16874,43,18,4,7,14,21,1
AI/ML,Series A,Canada,8267382,11,3,353.25,791798,4.419,31457,36,11,2,9,38,9,1
SaaS,Pre-Seed,France,85757,106,11,17.47,655323,4.009,17085,47,21,5,5,94,12,1
BioTech,Series A,Australia,11167575,146,12,421.31,183167,3.884,35702,25,18,4,9,25,29,1
AI/ML,Seed,USA,1082933,56,11,233.24,454740,2.183,14347,7,25,7,1,29,24,0
SaaS,Series A,Germany,10188106,148,6,47.18,526030,-0.005,13502,56,3,6,3,90,33,0
AI/ML,Seed,Australia,821199,3,12,353.56,381969,2.36,46479,-18,27,3,7,16,14,1
BioTech,Series B,USA,37139911,148,11,244.9,125637,4.472,13848,16,3,9,4,56,18,1
Cybersecurity,Pre-Seed,Brazil,452214,136,9,95.88,271046,0.79,22421,27,2,4,2,101,5,0
FinTech,Series A,Israel,6829994,112,9,8.33,532222,4.909,14426,-2,25,5,3,29,15,1
FinTech,Series B,Israel,41577570,39,10,209.29,35532,4.0,4695,71,5,3,7,23,7,1
EdTech,Series A,Singapore,5429488,132,3,43.27,118197,3.491,48971,62,4,8,8,51,25,1
HealthTech,Seed,Israel,2778701,103,3,47.54,140860,3.321,15860,-4,10,7,9,64,14,0
EdTech,Seed,UK,2765125,96,4,134.03,70285,2.853,46865,61,24,7,6,79,35,0
CleanTech,Series C,Germany,63329543,93,12,315.41,672953,3.547,47404,61,8,8,9,74,24,1
SaaS,Pre-Seed,Israel,102021,72,7,265.19,281639,1.994,25710,66,2,7,4,46,15,0
AI/ML,Seed,India,529092,25,3,34.96,256130,4.195,25411,19,28,3,5,110,11,0
HealthTech,Series A,UK,8113050,69,10,484.23,279981,3.421,8843,29,8,3,1,46,24,1
BioTech,Series A,Australia,10709019,129,8,443.64,742068,3.811,31152,52,28,2,9,100,11,1
CleanTech,Pre-Seed,UK,182903,94,11,129.98,524938,3.921,49568,8,11,1,9,63,17,1
BioTech,Series A,USA,13776415,45,8,61.61,268750,0.279,15573,30,2,5,9,44,6,1
FinTech,Series A,Singapore,3883435,134,6,471.23,525046,0.089,38334,21,19,4,3,25,21,0
FinTech,Pre-Seed,Canada,461518,56,4,230.84,302490,3.965,30737,8,16,2,8,75,8,1
EdTech,Series B,Canada,25279184,30,11,155.93,118621,1.149,38767,45,20,1,3,3,15,1
SaaS,Pre-Seed,Brazil,446448,38,12,245.43,295556,2.826,28256,-4,11,3,6,38,32,1
HealthTech,Seed,Germany,2439309,116,11,386.49,491615,2.107,36634,10,24,6,5,57,10,1
Gaming,Pre-Seed,USA,363651,4,5,84.61,128833,-0.085,41705,71,17,2,8,112,28,0
CleanTech,Pre-Seed,Canada,174277,123,12,383.86,434020,0.009,2002,31,3,7,3,18,15,1
CleanTech,Series B,Singapore,31382927,44,2,374.85,75206,4.101,16623,18,9,7,1,91,12,0
EdTech,Seed,Australia,707580,8,13,269.9,20934,2.96,41815,39,17,3,9,20,18,1
FinTech,Seed,Canada,1269032,126,6,432.99,302867,2.524,48693,73,29,1,9,100,24,1
EdTech,Pre-Seed,India,150128,50,3,66.51,423621,4.711,22251,78,7,9,3,40,29,0
AI/ML,Seed,UK,1047952,122,6,297.94,684108,0.7,12707,30,8,5,2,69,10,0
HealthTech,Seed,Canada,2323948,74,12,224.95,736126,1.141,24117,63,18,2,4,22,14,1
SaaS,Seed,USA,664244,42,5,211.43,711773,3.735,22743,-5,12,8,8,21,16,1
Cybersecurity,Seed,Israel,976857,107,14,126.65,491891,3.831,10790,77,24,4,6,15,11,1
E-Commerce,Series B,Israel,45473044,78,2,186.45,251630,1.905,48069,-7,5,7,1,19,26,0
E-Commerce,Seed,Australia,2160100,128,12,54.52,508577,4.745,32620,69,21,5,8,80,19,1
EdTech,Seed,Israel,511017,92,13,126.17,570811,4.679,15596,63,6,3,5,32,18,1
AI/ML,Pre-Seed,Australia,348757,9,14,136.35,393094,-0.135,30339,21,27,8,6,88,30,0
HealthTech,Series A,USA,6931895,33,5,360.47,176804,0.696,34121,30,20,2,5,45,32,1
Gaming,Seed,Germany,2868787,65,5,24.75,575934,4.065,42995,3,5,1,5,50,23,1
E-Commerce,Seed,Israel,709720,139,14,325.77,686381,1.543,48596,61,10,5,3,45,12,1
HealthTech,Pre-Seed,Brazil,171070,14,9,111.09,234310,0.296,49831,22,16,4,4,95,13,0
SaaS,Series C,Singapore,131492269,94,11,41.39,252024,3.882,41446,52,18,7,5,116,21,1
BioTech,Pre-Seed,UK,370903,62,8,150.75,267476,2.164,45678,-2,27,9,2,68,21,0
AI/ML,Series A,Israel,11302089,9,12,112.62,291260,2.361,20698,63,24,6,6,55,29,1
FinTech,Seed,Australia,2859664,30,12,276.24,122858,0.769,39632,40,11,1,2,74,29,0
HealthTech,Pre-Seed,USA,85010,96,7,179.01,753631,3.237,14716,73,20,8,4,80,27,0
SaaS,Series A,Israel,10900171,42,12,483.01,503213,2.666,30806,42,20,2,1,36,29,1
Gaming,Seed,Canada,2195625,12,13,481.79,86620,0.875,17868,5,23,4,4,79,15,1
Cybersecurity,Series B,Israel,40060248,3,14,222.14,431972,1.57,47918,74,26,3,7,76,12,1
FinTech,Series B,Australia,28361840,132,3,397.65,92604,2.904,31130,14,26,6,8,74,19,1
Cybersecurity,Series B,India,42127984,81,10,7.13,628740,4.609,49842,46,12,2,2,73,12,0
Gaming,Pre-Seed,India,212008,88,4,274.13,177596,4.586,6125,35,17,5,3,15,23,1
SaaS,Series A,Israel,13040330,107,6,371.78,457822,1.297,41972,19,28,9,1,92,5,0
E-Commerce,Seed,UK,537493,140,3,108.86,734179,3.625,35115,8,6,3,7,58,26,1
Cybersecurity,Series B,USA,22016611,18,11,31.06,604515,3.833,47511,-15,24,2,4,61,10,1
FinTech,Seed,Brazil,1650311,24,9,78.38,295356,4.006,36476,31,22,2,8,34,22,1
EdTech,Series A,Brazil,4595776,49,8,221.2,312262,2.768,29046,-20,27,9,5,85,23,1
CleanTech,Seed,Israel,2568535,21,6,253.43,551828,-0.145,22760,31,4,6,9,81,11,0
HealthTech,Seed,Israel,1131581,3,4,190.75,176901,3.761,10114,3,28,2,6,56,28,1
E-Commerce,Pre-Seed,India,149083,89,7,220.27,197381,0.354,637,13,15,3,2,4,31,0
Cybersecurity,Series A,Australia,8880823,32,13,235.38,730763,0.408,38634,-14,21,1,1,39,8,1
BioTech,Seed,UK,1121747,131,11,384.83,556565,2.949,23177,54,3,2,1,85,28,1
HealthTech,Seed,Israel,2995902,79,3,53.07,653421,4.914,35776,-10,29,2,9,99,16,1
EdTech,Series A,Brazil,14233125,5,10,384.59,462889,1.061,23600,15,27,2,1,105,31,1
Gaming,Seed,USA,1781258,142,8,344.47,262196,3.158,16251,-1,22,7,3,116,16,1
CleanTech,Pre-Seed,Germany,478886,129,1,370.96,446060,1.379,26809,42,0,3,2,35,5,0
SaaS,Seed,Canada,729171,135,3,367.37,222620,4.473,23756,59,3,4,4,3,35,1
EdTech,Seed,Israel,667558,32,11,235.56,477927,2.886,38368,42,2,2,1,105,25,1
EdTech,Seed,Australia,1483061,139,5,106.09,443886,0.879,11649,48,28,5,1,30,13,0
Gaming,Pre-Seed,Israel,346412,22,5,268.55,208675,1.163,11366,67,3,9,4,19,29,0
AI/ML,Pre-Seed,Australia,157338,24,10,479.01,696838,2.049,11880,9,0,9,4,59,27,1
Gaming,Pre-Seed,UK,338480,132,14,294.47,429655,0.435,17783,9,11,7,7,72,17,1
AI/ML,Series A,Germany,14275833,149,2,6.02,781784,0.209,22226,76,12,8,8,54,29,0
AI/ML,Pre-Seed,Singapore,137132,30,10,30.33,433026,3.336,41209,63,1,5,8,46,34,1
E-Commerce,Seed,USA,1843679,106,8,496.44,338380,1.917,5320,1,27,5,8,86,30,1
E-Commerce,Series B,USA,46601658,53,5,36.44,74467,3.576,8727,40,26,3,9,49,31,1
FinTech,Pre-Seed,Australia,227254,116,7,23.5,374494,0.372,11724,0,28,6,1,15,22,0
Cybersecurity,Seed,India,1998118,102,7,176.84,452762,2.971,39211,16,8,1,9,78,25,1
Cybersecurity,Series A,Australia,13189439,85,14,484.67,790196,2.105,19933,6,6,3,8,32,4,1
SaaS,Series B,India,43906038,62,5,159.68,799480,0.102,13394,14,12,2,1,87,35,0
Cybersecurity,Series A,France,13457318,126,8,205.24,783500,2.633,39720,17,21,7,7,68,9,1
E-Commerce,Series A,Brazil,9318653,72,9,317.22,593194,0.231,41417,39,1,9,9,55,26,1
FinTech,Series A,USA,12396313,71,4,12.54,348781,4.104,19122,49,0,4,4,20,27,0
FinTech,Seed,UK,2705927,140,4,448.93,301922,3.086,36137,11,17,7,9,30,27,1
AI/ML,Series A,Australia,11151496,109,8,259.96,168497,2.696,31437,59,6,8,1,6,18,1
Gaming,Pre-Seed,UK,371768,22,1,233.67,772405,0.494,20519,71,17,2,9,44,30,0
SaaS,Series B,Germany,47285676,132,4,430.43,748748,1.295,7983,59,18,7,6,109,31,1
AI/ML,Seed,UK,816790,83,6,476.56,130918,2.363,44656,6,7,3,4,119,3,1
Gaming,Seed,Israel,2416195,89,13,212.0,461392,3.093,5635,-18,22,8,5,8,29,1
Cybersecurity,Pre-Seed,Brazil,451752,112,4,86.63,415890,0.753,36837,28,11,6,7,104,7,0
AI/ML,Series A,Israel,6787415,11,6,407.95,465618,-0.154,39019,64,10,3,4,11,18,0
HealthTech,Pre-Seed,Canada,106747,13,5,201.93,519325,1.593,44347,9,26,8,8,22,16,0
Cybersecurity,Series B,Australia,40211536,8,14,467.8,230979,2.311,19622,1,29,3,3,111,32,1
Gaming,Series A,USA,13885249,146,9,474.97,782793,0.759,38505,-2,26,9,2,96,25,0
SaaS,Pre-Seed,Australia,383964,115,10,57.86,21957,2.359,9439,10,8,3,1,103,32,0
Gaming,Series A,Brazil,5222494,27,9,478.3,27829,1.56,27909,-1,27,1,6,40,19,1
AI/ML,Series A,Singapore,13052700,16,4,184.45,277981,2.166,35341,-2,3,2,2,70,3,0
AI/ML,Seed,Singapore,836497,34,13,323.3,467357,1.607,32893,-19,6,4,8,104,35,1
EdTech,Seed,Canada,987707,63,14,17.86,156104,3.068,42189,19,16,2,4,52,29,1
SaaS,Pre-Seed,Brazil,142091,48,4,444.5,109770,0.023,11403,18,10,4,9,62,11,1
BioTech,Pre-Seed,France,398058,96,12,320.98,560640,0.689,34074,70,26,4,4,15,6,1
Cybersecurity,Seed,France,1730478,36,8,321.96,40215,2.05,34869,51,1,4,4,101,19,1
FinTech,Series B,France,49447582,77,10,451.14,459535,1.653,47449,33,22,1,8,96,27,1
SaaS,Pre-Seed,USA,460343,124,4,254.42,529751,1.836,32903,6,17,9,8,44,5,0
FinTech,Series A,USA,9506016,84,2,205.55,740002,3.98,26953,58,21,7,5,70,26,1
SaaS,Seed,France,1035827,26,13,433.13,313391,4.409,7311,-9,28,2,3,27,35,1
SaaS,Seed,Singapore,1432196,58,13,371.34,663980,1.093,32025,57,25,3,2,33,19,1
Gaming,Series A,Brazil,13438344,33,14,474.51,708408,4.149,20615,50,11,8,9,113,17,1
SaaS,Series B,UK,37295574,64,2,470.09,784474,2.186,33580,-4,8,7,9,14,35,1
EdTech,Seed,Brazil,921743,13,1,191.47,216604,1.224,26320,69,10,4,5,66,13,0
BioTech,Seed,France,2063482,64,5,223.77,601002,4.924,42898,63,4,4,8,81,14,0
AI/ML,Seed,Brazil,2130872,78,6,128.36,307463,4.089,23952,-11,25,9,7,63,30,0
CleanTech,Pre-Seed,Germany,411462,93,9,330.49,653346,4.97,17254,-2,6,5,3,55,17,0
FinTech,Pre-Seed,USA,469924,2,5,182.59,288169,0.675,15227,61,28,5,5,28,15,0
AI/ML,Seed,USA,2214796,71,13,393.16,19780,0.548,13760,9,0,7,9,63,18,1
CleanTech,Seed,Singapore,2483518,137,6,61.21,708276,2.418,8826,9,23,1,4,12,14,0
BioTech,Series A,UK,13553060,134,6,58.64,85503,3.121,13939,4,24,3,3,14,14,0
BioTech,Seed,France,891407,87,3,102.63,171928,0.69,33436,67,28,2,7,24,33,0
FinTech,Seed,Australia,1307274,40,12,42.6,19179,4.274,17677,53,4,6,8,106,11,1
FinTech,Seed,Singapore,2635896,24,4,310.21,703983,2.566,8460,45,5,6,5,55,11,1
BioTech,Series A,Singapore,7572530,69,1,74.1,682947,1.937,8673,75,12,1,8,23,26,0
CleanTech,Series B,UK,21158382,5,4,80.4,689093,2.931,27866,14,10,6,5,37,3,1
SaaS,Seed,Israel,2456678,127,1,7.61,791570,3.102,36158,30,7,2,9,73,25,1
Cybersecurity,Series A,France,5332127,22,5,391.15,491522,0.022,9453,50,19,4,7,84,17,0
HealthTech,Pre-Seed,Australia,53650,106,11,406.24,633711,4.999,15904,50,1,6,5,29,22,0
AI/ML,Seed,USA,2426252,67,11,81.43,133076,1.692,15396,6,14,3,9,62,29,1
Gaming,Seed,UK,2574278,8,8,369.89,145047,0.12,28370,-11,9,3,5,101,26,1
AI/ML,Seed,Australia,2518852,50,8,217.06,264477,4.232,21933,76,7,3,8,49,34,1
Gaming,Series A,Germany,7983926,17,5,120.18,743815,4.964,30349,22,1,4,4,68,26,0
CleanTech,Series B,Singapore,25533873,146,14,310.88,347282,4.045,4334,34,20,9,9,98,9,1
Gaming,Pre-Seed,UK,189861,85,10,89.65,710823,4.23,31460,50,14,4,6,17,11,1
FinTech,Seed,USA,1580701,88,2,378.56,183226,3.055,27268,-15,28,4,6,111,7,1
Cybersecurity,Seed,Brazil,1778343,99,12,24.28,216748,4.596,22068,-15,5,4,3,26,30,1
Cybersecurity,Pre-Seed,USA,442144,76,6,479.59,521559,-0.014,28247,56,4,7,3,86,2,0
FinTech,Pre-Seed,Germany,460675,35,1,36.4,620994,3.787,23134,27,21,5,4,12,30,0
EdTech,Seed,UK,1190778,27,7,289.93,126905,3.288,16285,56,21,2,1,90,4,0
CleanTech,Pre-Seed,Germany,424048,67,11,451.15,38830,0.058,35003,-19,2,7,6,26,14,1
EdTech,Pre-Seed,France,228157,126,4,6.45,475342,2.629,21367,62,10,3,1,90,13,0
EdTech,Pre-Seed,France,68768,64,5,249.51,302753,2.478,24136,30,10,1,4,106,25,0
AI/ML,Seed,Brazil,2253897,88,6,175.33,551689,3.396,37787,40,15,9,7,114,13,0
BioTech,Series A,Singapore,9634699,42,11,290.38,430945,0.203,24425,-2,2,5,6,59,13,1
AI/ML,Seed,Israel,2850959,99,1,113.12,128278,3.987,29465,-19,8,1,8,114,6,1
BioTech,Series C,India,123145071,125,9,32.92,710527,0.525,18961,30,2,1,4,36,26,1
HealthTech,Seed,Australia,1729959,80,10,313.15,235253,1.977,33443,5,18,1,9,43,14,1
Gaming,Series A,Germany,6343867,11,4,208.72,660831,4.383,18823,49,10,9,8,42,8,1
BioTech,Series B,Australia,27344700,16,8,311.43,628871,2.715,9873,-1,13,8,5,13,24,0
FinTech,Series A,Brazil,5642800,43,5,105.66,199243,1.774,5587,2,1,6,6,92,22,1
AI/ML,Seed,Australia,2163229,94,11,169.7,491312,0.051,38713,33,6,6,5,3,21,1
CleanTech,Series A,Australia,4658332,18,8,281.06,147719,3.296,25852,-6,9,6,6,32,26,1
Gaming,Pre-Seed,USA,307137,10,1,296.76,278159,4.93,37535,-15,9,4,1,119,10,0
HealthTech,Seed,UK,1849651,115,8,186.47,293650,4.541,7004,71,19,5,4,45,13,1
BioTech,Seed,Singapore,1604399,37,11,140.39,255221,3.53,40496,14,0,3,9,84,14,1
HealthTech,Seed,India,1324464,37,13,137.21,34067,0.348,27823,54,5,3,4,28,9,0
CleanTech,Pre-Seed,UK,296991,49,11,87.76,402963,1.045,39377,-13,20,7,2,55,7,0
EdTech,Series B,USA,45427511,52,4,163.04,519993,0.772,7131,36,13,5,6,49,31,1
Cybersecurity,Series A,Australia,7074999,98,2,100.12,536344,1.648,17696,29,26,8,2,11,16,0
CleanTech,Seed,India,1163431,120,11,317.09,264770,1.025,25649,28,1,5,3,11,8,1
E-Commerce,Series B,USA,23966309,96,6,284.75,563616,1.071,4099,67,5,4,7,3,15,1
CleanTech,Seed,USA,2088404,71,2,191.6,62832,3.007,31571,0,0,3,4,73,25,0
HealthTech,Series C,USA,63701736,75,5,163.25,52771,1.457,30580,15,2,2,1,46,15,0
FinTech,Seed,France,752515,81,2,119.19,107421,3.321,48627,50,3,3,9,61,25,1
AI/ML,Pre-Seed,India,272809,69,3,267.96,187587,4.729,28664,48,12,7,6,58,7,1
FinTech,Series A,USA,8353374,78,11,459.49,598826,3.12,15582,37,2,8,9,108,26,1
HealthTech,Series A,Israel,5871083,117,6,343.01,482194,3.709,26469,42,14,5,3,53,8,1
AI/ML,Series A,Australia,11998331,7,1,372.34,312295,3.708,22402,72,12,1,5,18,18,1
E-Commerce,Series C,India,58671734,76,6,417.27,666989,1.52,24236,-5,21,3,9,40,21,1
Cybersecurity,Series A,France,9542224,89,3,176.14,355607,-0.122,25110,-15,10,4,6,13,16,0
Gaming,Seed,Germany,2476230,4,7,31.91,631141,0.086,23430,57,3,4,2,117,3,0
HealthTech,Series B,Germany,27537769,53,2,311.47,623720,1.267,44407,31,29,1,1,27,1,0
BioTech,Series A,Singapore,14768203,75,14,94.74,300299,3.386,37948,-19,16,9,9,95,13,1
HealthTech,Seed,Canada,2709375,126,6,284.74,785817,4.515,17763,68,4,4,1,85,32,1
HealthTech,Series B,Israel,18763302,66,8,369.89,159360,4.786,48960,74,20,2,5,84,12,1
AI/ML,Pre-Seed,Germany,451809,53,1,391.93,322732,-0.066,17029,56,24,9,1,113,31,0
SaaS,Series A,France,4983438,77,11,151.27,228023,4.948,38180,-3,23,4,5,61,2,1
CleanTech,Series B,Canada,36971167,143,11,256.46,701445,1.477,4652,60,7,4,5,31,8,1
SaaS,Series A,USA,3383609,90,13,310.67,545539,4.183,6834,71,20,6,7,82,25,1
E-Commerce,Series A,USA,6105003,73,9,409.83,112420,0.738,37219,55,23,8,7,112,5,1
BioTech,Series A,Brazil,4863082,69,5,380.81,690934,0.127,22487,14,29,5,1,42,2,0
Cybersecurity,Seed,Australia,2253313,139,5,493.99,281767,1.767,7084,65,9,8,9,10,3,1
EdTech,Series B,Canada,17803005,116,13,4.54,227544,4.266,45630,18,6,1,1,100,22,1
E-Commerce,Pre-Seed,Australia,168724,58,12,219.03,326859,0.948,14692,-20,16,4,5,8,33,0
EdTech,Pre-Seed,France,287777,67,5,128.39,278267,0.601,49516,16,27,1,7,47,32,0
EdTech,Pre-Seed,Israel,217567,91,6,60.39,275205,4.531,2655,0,6,3,8,111,17,1
Cybersecurity,Seed,Canada,1562279,51,2,455.8,116393,4.679,40201,-20,26,7,2,55,18,0
FinTech,Seed,Germany,1470584,15,6,498.98,788504,-0.135,34082,-17,23,1,1,96,3,1
SaaS,Series A,Israel,14434079,17,14,90.71,311239,3.583,47670,75,18,5,4,110,6,1
HealthTech,Seed,Brazil,1403923,43,11,19.7,200690,1.408,5272,37,8,1,4,100,13,0
Gaming,Seed,Australia,2161342,111,4,137.89,615731,1.748,218,-20,23,6,6,23,31,0
EdTech,Pre-Seed,Australia,345305,23,8,417.51,390149,2.239,30892,-8,1,9,1,118,17,0
BioTech,Seed,Israel,2973592,69,13,147.3,521048,2.019,37471,25,21,3,1,59,21,1
E-Commerce,Seed,USA,2835563,20,11,28.92,95141,2.478,48762,26,19,6,3,78,16,0
FinTech,Pre-Seed,Australia,452932,67,9,26.72,501008,2.828,21515,60,18,4,5,115,17,1
EdTech,Pre-Seed,Brazil,345493,74,9,214.0,742228,2.221,34307,55,26,6,6,8,32,1
FinTech,Pre-Seed,Germany,97098,148,8,465.95,703192,3.448,13145,-14,5,2,5,105,1,1
FinTech,Pre-Seed,India,420579,145,3,143.32,674805,3.537,17986,30,9,4,5,65,8,0
EdTech,Seed,Germany,2579368,55,10,213.87,174562,2.09,19088,-18,12,7,9,8,1,1
AI/ML,Pre-Seed,Germany,381065,113,11,51.42,564055,0.541,5064,29,24,6,2,55,2,0
CleanTech,Series A,Australia,7886202,19,11,247.04,56057,3.131,46556,5,1,9,1,6,24,0
BioTech,Series A,UK,12405391,118,4,348.43,221818,3.819,22196,10,9,7,6,119,27,1
HealthTech,Seed,USA,1817933,86,1,135.94,230767,3.118,11603,79,9,1,9,11,20,1
HealthTech,Series C,Australia,162322325,140,9,148.71,706403,2.858,2488,41,25,6,7,71,21,1
BioTech,Seed,USA,2772447,40,5,421.07,358899,0.993,25192,5,4,3,8,76,35,1
AI/ML,Seed,France,2426663,106,6,5.68,177659,3.155,28897,46,21,8,5,113,15,0
HealthTech,Series C,UK,186645395,69,3,318.42,275508,1.541,18802,34,3,1,4,74,30,0
FinTech,Pre-Seed,Australia,118274,26,11,197.25,523993,4.582,16411,7,22,2,6,89,4,1
Cybersecurity,Series B,Singapore,21557734,124,10,149.54,721448,3.199,29666,23,1,3,3,6,15,1
E-Commerce,Pre-Seed,Germany,403572,122,8,328.97,520684,1.247,40975,60,6,3,1,60,23,0
SaaS,Seed,France,1063889,62,7,417.42,611303,2.259,12770,17,17,7,4,39,15,0
HealthTech,Pre-Seed,UK,386033,101,1,279.42,148470,4.202,7977,9,16,8,9,73,26,1
BioTech,Series A,Australia,3277834,52,10,16.03,405668,1.544,37429,45,10,9,4,8,12,0
Cybersecurity,Seed,Brazil,1812629,99,12,230.97,359352,2.532,32031,-13,20,7,1,111,18,1
EdTech,Series A,Israel,8585056,138,5,231.65,559633,3.334,4549,-7,17,8,4,53,6,0
CleanTech,Seed,Israel,1036350,3,10,272.13,515027,3.724,20337,78,7,6,7,108,18,1
BioTech,Seed,USA,837530,6,9,335.64,358039,0.704,27365,41,27,2,3,81,24,0
FinTech,Pre-Seed,UK,274309,87,12,10.15,739695,2.739,20645,54,27,1,6,101,28,1
CleanTech,Seed,Germany,2238667,134,11,251.26,164125,4.543,47797,42,11,3,1,52,15,1
E-Commerce,Series B,Germany,26675889,69,12,294.36,790912,4.835,24507,58,23,9,4,98,19,1
E-Commerce,Seed,India,1128758,10,6,172.01,663310,3.212,4973,45,0,7,3,16,5,0
AI/ML,Series A,Israel,4732141,94,8,334.35,408231,4.915,8436,75,19,2,1,101,4,1
Gaming,Series A,France,12224152,139,10,114.47,238273,2.768,10086,19,29,1,3,13,17,1
AI/ML,Seed,UK,2739164,126,1,159.03,323260,2.102,17740,-8,24,2,4,12,10,0
Cybersecurity,Seed,Germany,2394018,62,10,481.4,163023,2.668,25518,-4,20,3,5,63,12,1
CleanTech,Pre-Seed,India,257866,52,11,174.36,369743,0.402,19851,-6,11,6,6,83,5,0
Gaming,Pre-Seed,UK,336629,11,7,173.58,239351,1.889,39732,12,26,9,2,15,7,0
EdTech,Pre-Seed,Canada,139299,135,3,298.04,326575,2.184,14842,-5,25,8,2,36,23,0
FinTech,Seed,Germany,2440592,63,9,485.5,684104,4.213,29954,-8,28,9,6,62,2,1
CleanTech,Seed,Canada,2991435,114,6,491.55,335238,3.745,1745,65,5,8,5,111,30,1
AI/ML,Seed,UK,2837643,134,5,290.04,386756,2.927,12697,2,2,7,1,53,5,0
SaaS,Seed,Germany,2134461,123,8,1.04,538222,1.606,26933,15,4,6,3,7,20,0
Gaming,Seed,Canada,2854960,124,8,450.38,86945,0.773,3879,22,13,8,5,114,26,1
Gaming,Series A,Singapore,13403209,64,12,285.33,785842,1.608,20161,29,11,6,2,76,6,0
FinTech,Series A,India,13205026,112,12,183.32,631234,3.335,18499,53,12,2,1,34,29,1
HealthTech,Pre-Seed,France,327331,90,3,414.68,630632,1.168,22641,60,12,9,9,14,10,0
E-Commerce,Pre-Seed,Israel,283983,52,2,200.22,149244,2.02,35035,73,28,9,5,54,16,0
E-Commerce,Series A,India,5887569,133,2,17.51,561646,1.811,18651,-8,16,3,2,15,34,0
SaaS,Seed,Canada,2246988,105,14,410.63,731673,3.781,9688,9,23,9,4,87,31,1
Cybersecurity,Series A,Germany,7896986,124,5,273.16,139774,4.396,47833,36,26,2,3,114,5,1
Cybersecurity,Seed,Singapore,1520346,49,10,169.4,291907,3.437,10988,9,14,3,7,56,33,1
EdTech,Seed,Singapore,2386522,33,12,125.82,503938,1.576,23470,50,5,6,1,119,19,0
CleanTech,Pre-Seed,Israel,330752,121,7,297.1,499922,2.053,37249,-11,11,4,4,99,32,0
BioTech,Pre-Seed,Singapore,383471,100,8,104.42,95997,0.545,23849,78,1,8,7,56,23,0
HealthTech,Seed,India,752773,75,10,162.26,251830,0.674,33697,45,3,1,5,43,3,1
AI/ML,Seed,Australia,2876517,35,8,318.45,148876,0.654,7773,73,19,6,4,50,1,0
BioTech,Series A,Singapore,3834938,71,13,440.83,219820,0.479,36092,62,24,2,4,53,28,1
BioTech,Series B,Israel,15807400,111,12,266.68,621477,0.734,29076,18,24,6,2,49,5,0
Gaming,Seed,Singapore,889821,17,8,379.67,621795,0.854,4587,16,20,1,8,52,13,1
SaaS,Series A,Singapore,9505134,60,10,381.65,339669,0.382,33124,-18,11,2,4,98,11,1
E-Commerce,Seed,Brazil,2777732,20,12,332.34,633536,3.129,15787,68,2,9,2,78,22,1
EdTech,Seed,India,672903,96,11,123.3,558892,4.95,20448,13,16,6,9,48,23,1
Cybersecurity,Series A,Canada,6581877,114,3,433.46,703278,4.372,5499,65,5,8,7,101,12,1
SaaS,Seed,USA,602951,42,14,218.42,139716,0.037,3841,17,23,7,3,102,21,0
Gaming,Seed,Australia,805745,82,11,22.58,716209,2.0,44890,-7,16,9,7,40,19,1
AI/ML,Pre-Seed,Singapore,257028,104,2,122.68,171919,4.268,25402,43,26,9,1,114,5,0
EdTech,Seed,France,2669330,55,13,382.89,463925,0.5,46177,18,16,4,1,94,24,1
Gaming,Series B,Singapore,22252270,96,4,35.03,544968,4.208,23055,33,10,7,4,15,30,0
E-Commerce,Series B,Brazil,46527173,148,1,74.11,647796,2.882,39827,-19,22,5,4,78,8,1
E-Commerce,Series A,Canada,8518225,63,3,347.27,105619,4.643,665,75,6,7,4,24,2,1
E-Commerce,Series A,France,3920243,100,11,446.35,65037,4.355,32271,22,1,4,9,110,34,1
SaaS,Seed,Australia,2836038,94,9,317.05,634257,3.321,23237,32,18,1,6,4,23,1
SaaS,Seed,France,1690283,66,7,111.53,121115,3.221,42988,-18,1,4,3,95,3,0
Cybersecurity,Pre-Seed,India,59964,69,7,27.18,68914,0.908,28267,20,21,3,6,79,24,0
Cybersecurity,Seed,Israel,921001,29,1,307.76,691669,0.407,10774,-13,28,9,2,101,18,0
AI/ML,Seed,Israel,512336,19,7,24.18,117255,1.96,553,69,12,5,2,15,31,0
EdTech,Series C,Australia,172498723,27,10,306.55,544637,0.77,13860,75,23,4,7,59,14,1
FinTech,Seed,Canada,1969204,105,7,113.18,478295,0.333,24903,54,23,8,3,36,1,0
FinTech,Seed,Israel,1348182,148,4,452.38,464036,1.372,7045,42,15,5,7,21,14,0
Gaming,Seed,UK,2425656,56,7,237.81,216068,4.275,9380,44,16,3,3,11,5,0
E-Commerce,Seed,Brazil,928670,120,8,112.36,562813,-0.111,32917,58,10,2,2,118,31,0
EdTech,Series A,Australia,6768553,125,3,426.65,278092,1.322,32261,-17,8,8,4,97,31,0
BioTech,Pre-Seed,Australia,374816,135,13,127.39,548786,2.005,49141,47,26,2,4,35,30,1
SaaS,Seed,USA,789372,130,10,153.65,755870,2.455,13343,71,23,8,3,29,1,0
CleanTech,Series A,USA,11403037,9,2,417.22,69790,0.744,2853,-11,8,5,9,47,3,1
HealthTech,Seed,India,1632870,52,7,154.74,36245,4.814,10128,54,28,8,6,4,20,1
AI/ML,Pre-Seed,India,427721,86,5,205.38,141310,2.81,45348,29,13,5,5,81,21,0
E-Commerce,Series A,USA,8426967,26,5,174.16,56659,2.515,48022,2,12,1,6,85,30,0
E-Commerce,Series A,Israel,12263114,84,14,58.64,521765,-0.154,2736,40,24,2,8,59,30,1
E-Commerce,Pre-Seed,Germany,381080,94,5,19.93,609162,2.326,33724,26,10,6,5,97,5,0
SaaS,Series A,Australia,14746315,118,7,362.41,314661,4.156,11440,-18,11,3,4,59,10,1
SaaS,Series A,UK,12232418,139,9,322.75,660906,0.942,5180,-4,21,8,7,18,24,1
HealthTech,Seed,Australia,537310,57,11,141.54,610173,1.626,30284,1,2,5,5,109,6,0
BioTech,Series C,Singapore,142227299,13,8,148.15,580638,-0.093,41375,70,0,3,4,81,10,0
EdTech,Series A,Canada,7394203,121,6,472.53,788539,4.88,11646,-5,26,7,5,8,10,1
E-Commerce,Series A,Brazil,7622776,72,7,493.84,317157,0.147,19029,59,7,8,4,16,25,1
FinTech,Series A,Germany,11596108,18,9,236.98,771563,4.471,20158,-18,25,4,8,29,14,1
Cybersecurity,Pre-Seed,UK,149862,123,14,401.32,49913,1.428,14342,31,18,9,8,40,13,1
FinTech,Pre-Seed,Singapore,351033,125,11,368.47,245237,2.855,37781,12,12,6,1,21,11,1
Gaming,Seed,India,1862148,11,6,149.01,317963,3.332,84,21,6,1,3,39,11,0
FinTech,Pre-Seed,UK,422646,32,1,29.75,92168,0.532,1935,-19,12,5,4,109,16,0
Gaming,Seed,USA,867968,61,4,71.71,364824,2.108,30466,18,25,5,2,6,33,0
CleanTech,Series B,Australia,22562635,71,8,419.23,366936,1.492,42376,25,5,7,5,60,32,1
Cybersecurity,Series A,UK,12479622,18,7,365.74,730270,0.094,9262,27,2,7,8,92,10,1
FinTech,Seed,Canada,741482,51,3,332.34,688845,4.133,11604,6,5,6,2,11,15,0
CleanTech,Series B,France,38862973,38,10,65.76,406076,0.035,42481,-6,27,8,9,107,16,1
AI/ML,Series A,India,9785932,119,3,320.15,59875,3.197,23133,-14,2,2,7,115,27,1
EdTech,Seed,Brazil,1212222,81,11,386.19,155991,1.433,28667,36,12,7,6,42,32,1
CleanTech,Pre-Seed,Brazil,338102,12,3,430.37,502089,0.799,35241,21,12,7,8,17,6,0
EdTech,Seed,UK,1755950,135,12,7.11,19586,3.269,33503,-12,29,4,2,107,8,1
FinTech,Series A,France,11277304,124,1,342.4,61986,2.788,2838,-15,24,2,5,103,25,1
BioTech,Seed,Australia,2300266,36,10,10.04,295199,1.439,35330,36,12,4,4,6,7,0
CleanTech,Series A,Singapore,12939139,34,1,353.58,438106,2.467,13440,55,0,4,8,92,17,1
Cybersecurity,Pre-Seed,Germany,76442,19,6,317.99,466297,1.08,36674,9,28,6,1,54,30,0
FinTech,Series A,Australia,14822076,14,14,74.6,563095,4.291,34040,34,7,7,3,20,2,1
E-Commerce,Series A,Singapore,4615270,91,14,383.18,226992,1.432,37604,63,4,3,8,107,17,1
SaaS,Series A,Germany,4089100,111,1,34.64,497677,1.075,34630,63,19,1,5,55,4,0
CleanTech,Series C,France,190663588,2,5,413.29,78625,3.71,36994,33,16,3,4,61,26,1
Cybersecurity,Series A,Germany,13595920,64,4,131.33,328461,-0.109,26339,6,8,9,6,101,14,0
AI/ML,Series B,Australia,19675195,35,5,344.58,443194,1.194,30384,63,12,1,5,56,8,1
E-Commerce,Series B,Canada,45576146,104,7,461.88,288577,1.752,45378,38,24,8,3,43,5,0
AI/ML,Series A,UK,11131526,11,6,170.24,43282,4.388,41782,-14,12,2,5,107,5,1
FinTech,Series A,Singapore,11957541,129,12,251.7,610807,4.742,32643,19,4,6,4,62,5,1
SaaS,Pre-Seed,Canada,434903,8,9,231.83,774634,3.526,16926,73,13,3,1,95,27,1
CleanTech,Seed,Singapore,1281608,57,6,79.23,140843,2.361,38977,51,10,7,1,119,5,0
CleanTech,Seed,UK,1634077,81,9,295.36,642621,3.131,23652,-19,24,2,7,90,3,1
BioTech,Seed,Israel,1666026,13,4,371.63,165205,1.953,10270,-7,25,4,4,6,30,0
BioTech,Seed,Germany,2268407,146,1,458.48,533566,1.354,17268,-11,13,9,1,87,1,0
FinTech,Series C,France,108437573,49,1,425.48,584605,4.744,36417,29,24,6,6,41,8,1
FinTech,Series B,Israel,22249433,27,10,255.25,137878,0.4,46894,-3,6,4,1,9,13,0
SaaS,Series A,Israel,8125702,113,7,359.65,118745,1.601,48841,-3,23,2,8,25,20,1
BioTech,Seed,Brazil,2576664,123,13,400.49,401374,4.475,20317,-5,16,9,9,106,6,1
Cybersecurity,Pre-Seed,USA,250658,13,13,247.0,600238,3.56,36434,31,3,4,3,87,8,1
Cybersecurity,Pre-Seed,Australia,66709,43,13,58.16,593900,-0.049,46125,48,9,9,7,65,30,0
SaaS,Seed,Canada,2977724,62,3,219.25,74873,-0.08,15448,31,9,2,5,67,15,0
Cybersecurity,Pre-Seed,Canada,327354,59,2,421.32,778757,2.486,9913,10,14,7,3,43,10,0
Gaming,Pre-Seed,Canada,492726,35,14,298.52,650080,2.318,8566,63,19,5,5,91,33,1
EdTech,Series B,Canada,19294329,8,6,362.37,752138,2.104,32444,2,11,8,7,97,9,1
SaaS,Series A,Australia,10750981,110,6,93.04,203074,1.372,15605,75,8,8,7,46,33,0
SaaS,Seed,Israel,1699728,36,13,482.19,503936,4.931,557,21,2,4,9,104,9,1
HealthTech,Pre-Seed,Australia,234484,16,7,202.34,703739,1.214,42240,60,14,4,8,47,14,0
E-Commerce,Seed,Canada,2459484,26,5,326.99,549519,2.348,44383,41,11,8,4,71,32,1
E-Commerce,Pre-Seed,USA,240043,60,8,9.93,359529,1.905,6040,56,25,3,5,119,6,0
Gaming,Series B,India,29588701,80,7,64.1,575451,0.685,46652,29,14,7,5,97,5,0
BioTech,Seed,UK,1267128,87,2,391.13,378708,0.854,33896,56,25,8,2,53,4,0
FinTech,Seed,Canada,815104,135,1,484.0,788755,4.575,21804,60,0,8,7,67,16,0
FinTech,Seed,France,2831774,89,13,160.37,589823,4.263,9292,-6,14,4,7,56,10,1
AI/ML,Pre-Seed,India,484368,72,14,19.07,383096,0.835,26110,69,10,9,9,58,31,1
Gaming,Seed,Australia,2420773,122,9,180.75,187182,4.353,5349,23,4,4,9,96,31,1
SaaS,Series A,France,9077449,94,5,9.23,712338,0.888,30374,71,6,8,4,84,14,0
Gaming,Series A,France,5834523,97,12,96.59,756178,3.058,19009,21,11,6,5,74,13,1
Gaming,Pre-Seed,Singapore,168922,33,11,376.36,737729,0.223,45087,24,19,5,7,92,4,1
Gaming,Seed,France,1016576,54,5,468.58,407968,4.378,42591,73,24,4,7,42,26,1
E-Commerce,Seed,Canada,1988204,60,12,44.18,558795,0.068,57,14,5,5,8,60,24,1
Gaming,Series B,Singapore,47338259,70,10,279.17,488921,2.686,8503,1,21,1,8,17,9,1
EdTech,Seed,Brazil,1633009,133,4,127.31,658513,3.854,28293,53,2,7,2,21,35,1
FinTech,Seed,Israel,2670856,87,2,69.96,264295,0.408,42961,54,9,8,9,12,15,0
AI/ML,Seed,France,1031149,19,5,109.88,120282,1.903,19121,17,25,9,4,90,24,0
EdTech,Seed,USA,738366,82,2,289.09,231538,0.018,5493,76,20,3,1,18,31,0
AI/ML,Seed,UK,824058,115,12,33.03,201958,3.35,36645,49,25,9,1,45,19,0
HealthTech,Seed,France,1612464,25,7,217.39,342703,1.399,2282,43,21,5,5,33,2,0
AI/ML,Seed,Brazil,1365718,67,11,68.05,535270,2.709,23170,-14,29,6,7,110,2,1
FinTech,Series B,Germany,21877037,142,9,136.7,220913,4.65,44143,23,3,1,5,18,34,1
FinTech,Seed,Australia,713596,63,9,95.78,663416,1.39,1431,55,12,9,3,82,19,0
Gaming,Series B,Australia,23457123,55,11,441.55,419362,0.053,45294,-14,18,9,7,30,23,1
CleanTech,Seed,Brazil,916740,144,6,354.15,781393,3.313,34543,45,4,6,1,64,16,0
HealthTech,Series B,Germany,42532185,132,1,434.3,195915,3.892,20591,39,22,8,1,22,6,0
SaaS,Series A,Australia,11033076,38,13,192.04,261762,4.781,11351,-20,26,4,2,37,26,1
Cybersecurity,Seed,Australia,1713013,38,6,157.05,611025,0.621,32483,41,21,5,1,61,22,0
AI/ML,Series B,Australia,34744597,132,5,190.6,92446,1.839,31195,66,17,5,9,11,24,1
CleanTech,Pre-Seed,Brazil,291540,36,4,9.76,98567,4.19,47407,68,0,7,4,106,21,0
Gaming,Series B,Israel,25448643,125,12,362.49,354994,3.996,37153,-3,20,7,7,12,30,1
E-Commerce,Seed,UK,2164005,19,6,175.21,192506,3.049,22735,-14,20,7,5,47,11,0
SaaS,Pre-Seed,Brazil,296476,123,6,157.01,93866,1.201,15203,33,27,5,7,84,9,0
BioTech,Seed,Germany,1913110,49,14,299.27,726631,1.277,3974,46,15,4,7,111,12,1
CleanTech,Series C,France,75188819,18,6,218.41,72726,0.445,38673,72,15,8,1,111,26,0
E-Commerce,Pre-Seed,Israel,404464,136,2,490.43,512253,4.594,37233,-11,15,1,1,17,3,0
HealthTech,Seed,Israel,2153005,58,14,178.45,675468,0.699,19686,40,27,1,3,111,33,1
Gaming,Series A,France,9243383,9,7,307.14,603184,2.779,39713,38,21,6,2,32,15,0
SaaS,Series A,USA,13100963,129,14,156.17,183625,2.839,43826,38,18,2,7,50,5,1
SaaS,Seed,Singapore,941168,118,4,495.3,575168,1.722,12636,48,15,3,3,98,24,0
SaaS,Pre-Seed,UK,214909,57,13,222.83,779680,1.633,35070,42,0,4,7,42,11,1
HealthTech,Pre-Seed,UK,120799,127,12,317.25,324221,3.277,29123,77,19,2,9,93,33,1
AI/ML,Seed,USA,2252813,60,9,63.8,13625,1.819,31812,-13,19,7,1,93,23,0
BioTech,Seed,Singapore,999471,59,10,366.65,48237,1.127,28760,57,9,1,3,85,10,1
HealthTech,Series B,UK,36726547,141,2,134.97,11223,1.875,4966,34,1,3,6,76,28,1
Cybersecurity,Pre-Seed,Germany,87276,109,5,224.58,200375,4.0,46215,-15,13,2,9,46,17,1
BioTech,Series A,India,13802519,75,14,441.62,75197,4.826,18426,-20,7,9,5,48,26,1
FinTech,Pre-Seed,India,60514,149,4,485.29,246486,3.107,14162,35,5,8,3,8,25,1
Gaming,Pre-Seed,UK,97456,102,9,212.57,346837,3.867,16058,76,27,3,8,119,12,1
HealthTech,Seed,Canada,2604385,49,4,417.48,645843,2.571,41482,54,2,5,5,26,3,0
E-Commerce,Seed,UK,1811822,72,8,27.15,309904,3.049,43667,67,15,3,6,75,29,0
BioTech,Series A,France,14600469,117,8,423.86,482398,4.938,2998,-11,16,6,2,93,24,1
Cybersecurity,Series B,France,22818441,123,6,314.94,399336,2.08,909,2,11,5,4,9,19,1
FinTech,Seed,Singapore,1396977,79,6,244.61,461182,0.145,45497,-5,26,2,1,8,13,0
AI/ML,Series C,Australia,50628373,30,11,445.04,301168,4.776,34648,-5,18,8,4,35,16,1
E-Commerce,Series B,Israel,32410605,94,8,422.75,473539,3.924,12497,35,23,6,1,87,27,1
BioTech,Seed,Germany,1657260,74,12,148.82,61524,1.871,18944,74,19,3,4,112,6,0
Gaming,Series A,USA,12764128,101,13,395.85,709268,4.908,7527,-15,2,1,2,40,10,1
E-Commerce,Seed,UK,2538170,75,12,50.2,439283,1.597,38464,9,12,5,6,46,8,1
FinTech,Pre-Seed,Australia,259272,96,10,411.47,412576,1.735,3072,42,15,2,6,19,18,0
E-Commerce,Series A,Australia,6581311,18,9,337.89,370372,2.971,12018,-20,10,2,8,33,32,1
EdTech,Pre-Seed,Germany,440989,138,5,44.39,114755,1.227,29652,30,19,9,9,39,17,0
CleanTech,Seed,USA,1487886,98,11,341.7,678301,3.433,4476,68,26,7,8,13,2,1
AI/ML,Series A,France,13349936,10,1,290.47,288137,0.595,43835,25,15,6,1,94,20,0
FinTech,Pre-Seed,Brazil,469421,136,1,297.48,548908,0.362,30232,0,19,1,3,7,10,0
E-Commerce,Pre-Seed,Germany,337714,145,2,145.79,554481,2.581,27482,78,1,2,6,66,9,0
CleanTech,Series B,Australia,43735023,20,10,133.62,293392,2.689,37257,17,3,7,1,78,25,0
CleanTech,Seed,India,1850093,135,10,381.39,449068,0.355,20875,48,26,3,8,5,25,1
E-Commerce,Pre-Seed,UK,355163,115,5,128.78,276404,4.814,16219,42,27,2,6,58,24,1
Gaming,Series A,Singapore,11582299,140,4,223.41,772436,2.781,30448,29,24,6,1,65,6,0
EdTech,Seed,India,2875339,126,1,347.55,19012,0.585,14367,-9,3,8,2,107,30,0
HealthTech,Seed,Australia,2829514,62,4,40.27,35823,1.42,25120,48,27,8,6,40,10,0
EdTech,Series C,Israel,131985936,43,4,297.48,57027,3.961,6855,52,16,2,8,56,31,1
E-Commerce,Series A,Canada,7475687,14,10,294.89,219239,2.521,3097,23,0,6,5,4,18,1
AI/ML,Seed,USA,1690064,141,4,342.27,355938,0.778,44585,31,0,5,1,92,33,0
HealthTech,Series A,France,14354168,86,1,185.28,152049,0.335,19889,-12,29,7,2,4,19,0
FinTech,Series B,UK,44908822,21,9,224.77,757590,2.04,1084,78,4,4,4,14,23,1
EdTech,Pre-Seed,Singapore,314019,51,14,165.32,712736,1.555,33320,44,21,2,4,42,5,1
E-Commerce,Pre-Seed,Brazil,480282,93,3,404.18,19218,3.211,21944,-11,11,3,7,4,26,1
EdTech,Pre-Seed,France,448968,89,13,65.74,293932,4.611,33921,25,5,9,2,107,29,1
HealthTech,Series A,UK,11868577,70,4,481.5,30501,1.088,21857,79,5,8,7,82,24,1
Cybersecurity,Seed,Brazil,2806249,38,5,317.6,743349,4.247,18070,37,24,9,7,96,6,1
BioTech,Seed,Singapore,2991721,141,13,443.51,638021,4.586,49845,16,16,5,7,59,4,1
EdTech,Series B,Australia,32459562,100,13,213.4,287354,4.49,24475,31,25,5,3,49,26,1
FinTech,Series A,Canada,12393019,126,7,166.47,138476,4.751,22219,78,21,7,6,112,15,1
FinTech,Pre-Seed,India,326835,55,6,450.41,710849,4.179,41457,60,12,7,6,118,13,1
SaaS,Seed,India,700919,131,5,49.89,233989,2.886,31489,-8,7,1,4,38,22,0
EdTech,Seed,Australia,699542,42,8,59.0,498260,1.931,23178,-15,23,5,1,6,13,0
BioTech,Seed,France,2220342,46,14,150.02,445869,2.357,13483,37,11,8,9,77,17,1
Gaming,Series A,Australia,6483802,104,1,479.91,489894,4.338,47802,27,14,7,2,119,25,1
CleanTech,Series B,Australia,36864581,107,7,316.72,182022,1.367,44927,11,18,2,9,26,34,1
BioTech,Seed,UK,1723045,138,12,277.32,674276,0.628,33573,-10,28,8,8,84,21,1
CleanTech,Seed,UK,1147601,129,6,352.83,206983,0.532,33688,60,20,2,1,93,25,0
CleanTech,Series A,Singapore,11295445,87,11,209.03,565737,4.1,45930,-16,25,1,7,103,25,1
Cybersecurity,Seed,Canada,2436983,48,5,379.16,361477,3.76,31529,-15,19,3,3,64,22,1
SaaS,Pre-Seed,UK,405992,6,7,196.92,292926,2.388,34211,53,27,3,9,4,23,0
BioTech,Seed,Singapore,1260956,2,3,413.27,495780,1.229,39816,76,16,6,5,17,25,0
BioTech,Pre-Seed,Israel,458654,45,1,134.01,519590,3.324,46475,73,8,3,3,77,14,0
Cybersecurity,Series B,Australia,22297881,39,9,139.13,563667,-0.0,33978,0,20,7,8,93,14,1
EdTech,Pre-Seed,Australia,357143,20,2,261.43,47780,2.755,29677,21,17,8,3,51,26,0
EdTech,Seed,France,663543,116,13,215.67,649232,1.872,16004,60,27,3,7,114,30,1
EdTech,Seed,Israel,871557,88,10,324.23,792734,4.885,10272,6,1,9,7,113,26,1
AI/ML,Series C,France,184717692,124,3,182.46,534338,2.439,6212,-18,10,1,7,89,22,1
CleanTech,Pre-Seed,Brazil,104213,83,8,115.66,574493,2.672,21071,39,22,3,1,37,34,0
AI/ML,Pre-Seed,Singapore,426053,142,12,235.17,321890,3.504,43108,72,19,3,5,118,25,1
SaaS,Pre-Seed,Singapore,325170,59,10,280.7,678465,2.32,9700,45,16,7,1,96,13,0
Cybersecurity,Pre-Seed,Australia,288697,147,9,71.73,440715,0.968,29980,72,20,5,7,49,29,1
BioTech,Pre-Seed,Germany,397328,68,13,278.58,439857,2.594,17297,28,17,4,8,26,9,1
CleanTech,Seed,Brazil,505435,123,3,159.97,545916,4.71,41349,79,14,2,7,85,15,1
AI/ML,Pre-Seed,Singapore,189565,88,6,196.53,183104,1.932,28625,13,6,7,1,62,31,0
AI/ML,Pre-Seed,UK,253299,132,7,140.02,468245,3.334,28831,16,15,3,3,95,27,1
E-Commerce,Series A,Australia,5942905,56,1,465.74,310660,4.886,29367,21,24,7,3,79,31,1
AI/ML,Seed,France,1420267,90,14,341.83,359301,4.116,45813,44,28,7,7,50,10,1
Gaming,Seed,Israel,2628650,59,7,131.6,404692,3.227,35338,39,0,2,4,25,7,0
BioTech,Seed,France,1387977,64,4,322.69,129558,3.627,20121,69,27,7,3,14,32,0
Gaming,Series C,India,101659302,92,5,424.36,312944,4.67,35547,-20,17,6,6,115,11,1
BioTech,Pre-Seed,Germany,55574,53,8,201.11,570076,4.791,24914,38,26,4,6,114,28,1
Cybersecurity,Series B,Singapore,39772234,127,4,415.06,130754,4.839,44396,-17,21,5,5,43,4,1
BioTech,Series A,Canada,8936419,25,4,77.63,298384,3.053,17178,-7,7,8,6,31,31,1
Gaming,Pre-Seed,USA,444803,73,8,411.48,514204,1.801,1722,-3,6,5,3,72,29,1
BioTech,Series C,Germany,155966737,10,5,270.38,414138,0.492,13885,13,24,3,5,53,33,1
Cybersecurity,Pre-Seed,Australia,447625,111,13,111.88,516906,1.805,102,-20,29,2,9,25,4,1
Cybersecurity,Pre-Seed,Singapore,439303,95,6,203.87,330883,4.703,27435,32,1,6,4,33,26,1
SaaS,Series A,Israel,11853143,118,12,494.0,738962,4.427,13262,1,11,6,2,111,31,1
BioTech,Series A,Singapore,5648191,84,11,391.89,284233,2.523,7453,59,15,7,5,23,31,1
E-Commerce,Seed,USA,1848894,81,14,287.76,566888,2.592,42407,40,8,8,3,26,27,1
EdTech,Pre-Seed,Israel,434822,101,5,58.02,187248,1.406,45174,1,19,4,3,74,25,0
FinTech,Seed,France,556572,41,1,209.2,358109,2.163,12224,29,10,8,4,110,31,0
Cybersecurity,Series A,Israel,6550985,104,7,131.89,397684,3.515,6172,-5,14,1,4,11,23,1
HealthTech,Seed,Germany,2633221,63,6,35.97,765897,1.893,11252,7,2,6,5,24,35,0
EdTech,Seed,France,1237550,70,2,271.33,476869,0.778,17918,71,22,6,7,6,4,0
CleanTech,Pre-Seed,Singapore,338514,143,11,444.65,81895,2.612,7197,65,20,3,4,79,28,1
BioTech,Pre-Seed,Australia,276090,110,7,337.96,767861,0.972,31591,49,12,9,7,100,13,0
Gaming,Series B,Brazil,32706306,5,6,125.22,628618,4.866,13677,68,20,5,9,5,1,1
FinTech,Seed,Australia,887902,73,5,287.01,479045,1.83,11039,21,27,1,3,103,12,0
HealthTech,Series C,Singapore,106178284,18,8,471.65,68650,4.53,27785,45,12,7,5,30,26,1
EdTech,Seed,USA,1184659,115,5,361.6,478084,0.973,4570,50,1,3,4,92,23,1
BioTech,Series A,Brazil,10430747,86,11,344.89,10615,0.784,6706,60,5,4,9,116,22,1
SaaS,Pre-Seed,Singapore,120793,58,2,484.1,710972,3.008,11655,14,5,6,5,119,28,0
CleanTech,Seed,Canada,939717,108,6,399.54,781614,3.853,33202,-1,11,8,2,112,17,0
FinTech,Pre-Seed,Germany,238206,49,14,68.74,532915,2.747,47907,-19,3,4,1,100,6,0
E-Commerce,Seed,Canada,1690897,118,12,174.14,314080,0.995,9449,-14,4,9,7,17,14,0
SaaS,Seed,France,2741105,32,1,482.59,694732,-0.003,24630,75,22,8,1,10,17,0
HealthTech,Series C,India,84874739,113,5,245.11,379956,3.015,9122,28,29,6,8,50,5,1
FinTech,Series A,Singapore,13710632,48,14,56.26,340019,0.481,46371,62,7,7,9,101,13,1
SaaS,Pre-Seed,UK,419153,135,6,229.57,616070,1.585,10991,55,5,8,7,90,9,0
CleanTech,Pre-Seed,UK,288634,109,7,348.65,71700,3.314,24887,-12,20,2,9,118,26,1
E-Commerce,Pre-Seed,Israel,451049,73,14,498.78,18109,0.31,13859,6,27,5,6,54,13,1
SaaS,Seed,Australia,2059366,72,2,162.29,33758,0.462,23640,57,2,7,7,57,19,0
AI/ML,Series A,Australia,4095589,109,1,257.29,753987,0.121,48339,-19,22,8,3,39,17,0
E-Commerce,Series B,Australia,28224541,54,6,439.9,547605,4.98,25532,64,7,5,9,6,16,1
HealthTech,Pre-Seed,Canada,439929,143,3,177.96,210073,1.813,39229,47,18,3,3,57,30,0
CleanTech,Seed,Germany,1695402,17,5,55.08,523909,4.51,38764,39,20,6,6,14,32,0
BioTech,Seed,Singapore,1131872,117,12,474.49,35622,1.327,37620,64,10,5,4,21,14,1
Gaming,Series A,USA,11466721,74,11,244.48,518911,3.717,2512,65,17,8,9,81,15,1
Gaming,Seed,Israel,2421792,75,13,251.64,541088,0.939,15446,28,9,9,1,59,12,0
Gaming,Series A,France,8754068,82,2,310.79,780157,2.391,21912,-19,25,9,9,96,11,0
FinTech,Series A,Brazil,4539219,13,1,2.27,569827,4.088,34031,-4,27,6,4,111,5,0
HealthTech,Pre-Seed,France,336268,129,1,465.6,243259,4.045,35515,62,19,4,5,39,11,0
CleanTech,Series A,Singapore,7589716,71,13,181.04,667960,3.93,15416,67,11,4,1,78,34,1
E-Commerce,Pre-Seed,India,373671,148,11,198.77,619451,4.083,7280,-1,19,9,1,85,19,0
FinTech,Series A,Australia,13878275,42,4,87.47,256765,0.9,10974,55,27,4,6,100,26,0
HealthTech,Seed,Brazil,596651,60,10,189.39,694729,2.308,43746,68,28,8,1,9,26,1
